analysis_unit,frame_stratum,frame_label,period,period_order,period_start,period_end,contribution_direction,rank,collocate,collocate_type,same_target_vocabulary_collocate,other_target_vocabulary_collocate,occurrences,documents,valence,weighted_valence_contribution,valence_contribution_to_cell_mean,match_share,total_matches_for_cell,total_documents_for_cell,valence_mean_for_cell
ADHD,substantive_core_overall,Overall,2014-2017,1,2014,2017,negative,1,disorder,unigram,False,False,383,336,-0.675,-258.52500000000003,-0.012137893797830885,0.017982064885675383,21299,4203,0.07415512856628637
ADHD,substantive_core_overall,Overall,2014-2017,1,2014,2017,negative,2,autism,unigram,False,True,485,443,-0.53,-257.05,-0.012068641720268558,0.02277102211371426,21299,4203,0.07415512856628637
ADHD,substantive_core_overall,Overall,2014-2017,1,2014,2017,negative,3,depression,unigram,False,False,237,223,-0.938,-222.30599999999998,-0.01043739142682755,0.011127282971031504,21299,4203,0.07415512856628637
ADHD,substantive_core_overall,Overall,2014-2017,1,2014,2017,negative,4,diagnose,unigram,False,False,355,322,-0.4555,-161.70250000000001,-0.0075920230996760416,0.016667449176017653,21299,4203,0.07415512856628637
ADHD,substantive_core_overall,Overall,2014-2017,1,2014,2017,negative,5,anxiety,unigram,False,False,215,204,-0.708,-152.22,-0.007146814404432133,0.010094370627729,21299,4203,0.07415512856628637
ADHD,substantive_core_overall,Overall,2014-2017,1,2014,2017,positive,1,child,unigram,False,False,820,671,0.7689999999999999,630.5799999999999,0.029606084792713268,0.03849946006854782,21299,4203,0.07415512856628637
ADHD,substantive_core_overall,Overall,2014-2017,1,2014,2017,positive,2,adult,unigram,False,False,268,203,0.63,168.84,0.007927132729236114,0.012582750363866848,21299,4203,0.07415512856628637
ADHD,substantive_core_overall,Overall,2014-2017,1,2014,2017,positive,3,add,unigram,True,False,549,464,0.29000000000000004,159.21,0.007474998826235974,0.025775858021503357,21299,4203,0.07415512856628637
ADHD,substantive_core_overall,Overall,2014-2017,1,2014,2017,positive,4,like,unigram,False,False,162,153,0.77225,125.1045,0.005873726466031269,0.007605990891591154,21299,4203,0.07415512856628637
ADHD,substantive_core_overall,Overall,2014-2017,1,2014,2017,positive,5,include,unigram,False,False,213,207,0.45933333333333337,97.83800000000001,0.004593548992910466,0.010000469505610591,21299,4203,0.07415512856628637
ADHD,substantive_core_overall,Overall,2018-2021,2,2018,2021,negative,1,autism,unigram,False,True,575,521,-0.53,-304.75,-0.01550496056982956,0.029254642584584076,19655,3901,0.05358546849826168
ADHD,substantive_core_overall,Overall,2018-2021,2,2018,2021,negative,2,disorder,unigram,False,False,394,349,-0.6750000000000002,-265.95000000000005,-0.013530908165861106,0.020045789875349784,19655,3901,0.05358546849826168
ADHD,substantive_core_overall,Overall,2018-2021,2,2018,2021,negative,3,depression,unigram,False,False,269,256,-0.938,-252.32199999999997,-0.012837547697786821,0.013686084965657593,19655,3901,0.05358546849826168
ADHD,substantive_core_overall,Overall,2018-2021,2,2018,2021,negative,4,anxiety,unigram,False,False,306,295,-0.708,-216.648,-0.011022538794199949,0.015568557618926481,19655,3901,0.05358546849826168
ADHD,substantive_core_overall,Overall,2018-2021,2,2018,2021,negative,5,diagnose,unigram,False,False,286,260,-0.45549999999999996,-130.273,-0.006627982701602645,0.01455100483337573,19655,3901,0.05358546849826168
ADHD,substantive_core_overall,Overall,2018-2021,2,2018,2021,positive,1,child,unigram,False,False,646,546,0.7689999999999999,496.77399999999994,0.025274688374459422,0.03286695497328924,19655,3901,0.05358546849826168
ADHD,substantive_core_overall,Overall,2018-2021,2,2018,2021,positive,2,like,unigram,False,False,211,195,0.77225,162.94475,0.008290244212668533,0.010735181887560417,19655,3901,0.05358546849826168
ADHD,substantive_core_overall,Overall,2018-2021,2,2018,2021,positive,3,add,unigram,True,False,510,402,0.29000000000000004,147.9,0.0075248028491477995,0.025947596031544135,19655,3901,0.05358546849826168
ADHD,substantive_core_overall,Overall,2018-2021,2,2018,2021,positive,4,adult,unigram,False,False,183,138,0.63,115.29,0.005865683032307301,0.009310607987789366,19655,3901,0.05358546849826168
ADHD,substantive_core_overall,Overall,2018-2021,2,2018,2021,positive,5,include,unigram,False,False,207,202,0.45933333333333337,95.08200000000001,0.004837547697786823,0.010531671330450267,19655,3901,0.05358546849826168
ADHD,substantive_core_overall,Overall,2022-2026,3,2022,2026,negative,1,autism,unigram,False,True,602,496,-0.53,-319.06,-0.018013775971093045,0.03398825654923216,17712,3215,0.09546163994278832
ADHD,substantive_core_overall,Overall,2022-2026,3,2022,2026,negative,2,depression,unigram,False,False,222,207,-0.938,-208.236,-0.011756775067750677,0.012533875338753388,17712,3215,0.09546163994278832
ADHD,substantive_core_overall,Overall,2022-2026,3,2022,2026,negative,3,disorder,unigram,False,False,287,259,-0.675,-193.72500000000002,-0.010937500000000001,0.016203703703703703,17712,3215,0.09546163994278832
ADHD,substantive_core_overall,Overall,2022-2026,3,2022,2026,negative,4,anxiety,unigram,False,False,268,247,-0.708,-189.744,-0.010712737127371273,0.015130984643179765,17712,3215,0.09546163994278832
ADHD,substantive_core_overall,Overall,2022-2026,3,2022,2026,negative,5,dyslexia,unigram,False,False,164,146,-0.667,-109.388,-0.006175925925925926,0.009259259259259259,17712,3215,0.09546163994278832
ADHD,substantive_core_overall,Overall,2022-2026,3,2022,2026,positive,1,child,unigram,False,False,446,354,0.7689999999999998,342.97399999999993,0.019363934056007222,0.0251806684733514,17712,3215,0.09546163994278832
ADHD,substantive_core_overall,Overall,2022-2026,3,2022,2026,positive,2,like,unigram,False,False,228,217,0.77225,176.073,0.009940887533875339,0.012872628726287264,17712,3215,0.09546163994278832
ADHD,substantive_core_overall,Overall,2022-2026,3,2022,2026,positive,3,adult,unigram,False,False,178,139,0.63,112.14,0.00633130081300813,0.010049683830171635,17712,3215,0.09546163994278832
ADHD,substantive_core_overall,Overall,2022-2026,3,2022,2026,positive,4,include,unigram,False,False,179,173,0.45933333333333337,82.22066666666667,0.004642088226437821,0.010106142728093948,17712,3215,0.09546163994278832
ADHD,substantive_core_overall,Overall,2022-2026,3,2022,2026,positive,5,add,unigram,True,False,235,198,0.29000000000000004,68.15,0.003847673893405601,0.01326784101174345,17712,3215,0.09546163994278832
ADHD,clinical_only,Clinical,2014-2017,1,2014,2017,negative,1,disorder,unigram,False,False,314,272,-0.675,-211.95000000000002,-0.013575225773393968,0.020111445590213283,15613,3073,0.0541557067828092
ADHD,clinical_only,Clinical,2014-2017,1,2014,2017,negative,2,depression,unigram,False,False,198,188,-0.938,-185.724,-0.011895471722282712,0.012681739575994364,15613,3073,0.0541557067828092
ADHD,clinical_only,Clinical,2014-2017,1,2014,2017,negative,3,autism,unigram,False,True,344,316,-0.53,-182.32000000000002,-0.011677448280279256,0.022032921283545764,15613,3073,0.0541557067828092
ADHD,clinical_only,Clinical,2014-2017,1,2014,2017,negative,4,anxiety,unigram,False,False,179,168,-0.708,-126.732,-0.008117081918913726,0.011464804970217127,15613,3073,0.0541557067828092
ADHD,clinical_only,Clinical,2014-2017,1,2014,2017,negative,5,problem,unigram,False,False,135,129,-0.876,-118.26,-0.0075744571831166336,0.008646640619996157,15613,3073,0.0541557067828092
ADHD,clinical_only,Clinical,2014-2017,1,2014,2017,positive,1,child,unigram,False,False,618,522,0.7689999999999999,475.24199999999996,0.030438865048357137,0.039582399282649075,15613,3073,0.0541557067828092
ADHD,clinical_only,Clinical,2014-2017,1,2014,2017,positive,2,adult,unigram,False,False,200,151,0.63,126.0,0.008070197911996414,0.012809837955549862,15613,3073,0.0541557067828092
ADHD,clinical_only,Clinical,2014-2017,1,2014,2017,positive,3,add,unigram,True,False,423,366,0.29000000000000004,122.67000000000002,0.007856914110036509,0.027092807275987958,15613,3073,0.0541557067828092
ADHD,clinical_only,Clinical,2014-2017,1,2014,2017,positive,4,include,unigram,False,False,188,183,0.45933333333333337,86.35466666666667,0.005530946433527617,0.012041247678216871,15613,3073,0.0541557067828092
ADHD,clinical_only,Clinical,2014-2017,1,2014,2017,positive,5,like,unigram,False,False,109,101,0.7722500000000001,84.17525,0.005391356561839493,0.006981361685774675,15613,3073,0.0541557067828092
ADHD,clinical_only,Clinical,2018-2021,2,2018,2021,negative,1,disorder,unigram,False,False,337,294,-0.675,-227.47500000000002,-0.016392231750378326,0.024284787778338257,13877,2742,0.027381428502798396
ADHD,clinical_only,Clinical,2018-2021,2,2018,2021,negative,2,depression,unigram,False,False,221,209,-0.9380000000000001,-207.298,-0.014938243136124523,0.01592563234128414,13877,2742,0.027381428502798396
ADHD,clinical_only,Clinical,2018-2021,2,2018,2021,negative,3,autism,unigram,False,True,379,340,-0.53,-200.87,-0.01447503062621604,0.027311378540030264,13877,2742,0.027381428502798396
ADHD,clinical_only,Clinical,2018-2021,2,2018,2021,negative,4,anxiety,unigram,False,False,227,222,-0.708,-160.71599999999998,-0.011581465734668875,0.016358002450097282,13877,2742,0.027381428502798396
ADHD,clinical_only,Clinical,2018-2021,2,2018,2021,negative,5,diagnose,unigram,False,False,173,151,-0.4555,-78.8015,-0.005678568854939829,0.012466671470778987,13877,2742,0.027381428502798396
ADHD,clinical_only,Clinical,2018-2021,2,2018,2021,positive,1,child,unigram,False,False,445,387,0.769,342.205,0.02465986884773366,0.03206744973697485,13877,2742,0.027381428502798396
ADHD,clinical_only,Clinical,2018-2021,2,2018,2021,positive,2,like,unigram,False,False,164,153,0.77225,126.649,0.009126540318512648,0.011818116307559271,13877,2742,0.027381428502798396
ADHD,clinical_only,Clinical,2018-2021,2,2018,2021,positive,3,add,unigram,True,False,380,293,0.29000000000000004,110.20000000000002,0.007941197665201414,0.027383440224832457,13877,2742,0.027381428502798396
ADHD,clinical_only,Clinical,2018-2021,2,2018,2021,positive,4,include,unigram,False,False,168,163,0.45933333333333337,77.168,0.00556085609281545,0.012106363046768034,13877,2742,0.027381428502798396
ADHD,clinical_only,Clinical,2018-2021,2,2018,2021,positive,5,adult,unigram,False,False,120,93,0.63,75.6,0.005447863371045614,0.008647402176262881,13877,2742,0.027381428502798396
ADHD,clinical_only,Clinical,2022-2026,3,2022,2026,negative,1,depression,unigram,False,False,194,179,-0.938,-181.97199999999998,-0.016129409679134902,0.01719553270696685,11282,2088,0.061242784967204394
ADHD,clinical_only,Clinical,2022-2026,3,2022,2026,negative,2,autism,unigram,False,True,334,281,-0.53,-177.02,-0.015690480411274597,0.029604680021272825,11282,2088,0.061242784967204394
ADHD,clinical_only,Clinical,2022-2026,3,2022,2026,negative,3,disorder,unigram,False,False,230,208,-0.675,-155.25,-0.013760858003900018,0.0203864563020741,11282,2088,0.061242784967204394
ADHD,clinical_only,Clinical,2022-2026,3,2022,2026,negative,4,anxiety,unigram,False,False,208,193,-0.708,-147.26399999999998,-0.01305300478638539,0.01843644743839745,11282,2088,0.061242784967204394
ADHD,clinical_only,Clinical,2022-2026,3,2022,2026,negative,5,diagnose,unigram,False,False,125,118,-0.4555,-56.9375,-0.005046755894344974,0.01107959581634462,11282,2088,0.061242784967204394
ADHD,clinical_only,Clinical,2022-2026,3,2022,2026,positive,1,child,unigram,False,False,314,263,0.7689999999999999,241.46599999999998,0.021402765467115756,0.027831944690657685,11282,2088,0.061242784967204394
ADHD,clinical_only,Clinical,2022-2026,3,2022,2026,positive,2,like,unigram,False,False,142,135,0.77225,109.6595,0.009719863499379542,0.012586420847367488,11282,2088,0.061242784967204394
ADHD,clinical_only,Clinical,2022-2026,3,2022,2026,positive,3,adult,unigram,False,False,102,82,0.63,64.26,0.005695798617266443,0.00904095018613721,11282,2088,0.061242784967204394
ADHD,clinical_only,Clinical,2022-2026,3,2022,2026,positive,4,include,unigram,False,False,129,127,0.45933333333333337,59.254000000000005,0.005252082964013473,0.011434142882467647,11282,2088,0.061242784967204394
ADHD,clinical_only,Clinical,2022-2026,3,2022,2026,positive,5,add,unigram,True,False,188,163,0.29000000000000004,54.52000000000001,0.004832476511256871,0.016663712107782308,11282,2088,0.061242784967204394
ADHD,lived_only,Lived experience,2014-2017,1,2014,2017,negative,1,autism,unigram,False,True,86,82,-0.53,-45.580000000000005,-0.013277017186134579,0.025050975822895425,3433,893,0.1465600106806486
ADHD,lived_only,Lived experience,2014-2017,1,2014,2017,negative,2,diagnose,unigram,False,False,57,55,-0.4555,-25.9635,-0.007562918729973784,0.016603553743081853,3433,893,0.1465600106806486
ADHD,lived_only,Lived experience,2014-2017,1,2014,2017,negative,3,dyslexia,unigram,False,False,32,31,-0.667,-21.344,-0.006217302650742791,0.00932129332944946,3433,893,0.1465600106806486
ADHD,lived_only,Lived experience,2014-2017,1,2014,2017,negative,4,suffer,unigram,False,False,23,23,-0.8979999999999998,-20.653999999999996,-0.006016312263326535,0.0066996795805418004,3433,893,0.1465600106806486
ADHD,lived_only,Lived experience,2014-2017,1,2014,2017,negative,5,depression,unigram,False,False,22,19,-0.938,-20.636,-0.006011069035828721,0.006408389163996504,3433,893,0.1465600106806486
ADHD,lived_only,Lived experience,2014-2017,1,2014,2017,positive,1,child,unigram,False,False,120,99,0.7689999999999999,92.27999999999999,0.02688027963879988,0.03495484998543548,3433,893,0.1465600106806486
ADHD,lived_only,Lived experience,2014-2017,1,2014,2017,positive,2,adult,unigram,False,False,44,32,0.63,27.72,0.008074570346635595,0.012816778327993009,3433,893,0.1465600106806486
ADHD,lived_only,Lived experience,2014-2017,1,2014,2017,positive,3,parent,unigram,False,False,44,38,0.624,27.456,0.007997669676667638,0.012816778327993009,3433,893,0.1465600106806486
ADHD,lived_only,Lived experience,2014-2017,1,2014,2017,positive,4,like,unigram,False,False,35,35,0.77225,27.02875,0.00787321584619866,0.010195164579085349,3433,893,0.1465600106806486
ADHD,lived_only,Lived experience,2014-2017,1,2014,2017,positive,5,add,unigram,True,False,81,70,0.29000000000000004,23.490000000000002,0.006842411884648996,0.02359452374016895,3433,893,0.1465600106806486
ADHD,lived_only,Lived experience,2018-2021,2,2018,2021,negative,1,autism,unigram,False,True,128,124,-0.53,-67.84,-0.018761061946902656,0.035398230088495575,3616,901,0.1433935794616519
ADHD,lived_only,Lived experience,2018-2021,2,2018,2021,negative,2,anxiety,unigram,False,False,51,51,-0.708,-36.108,-0.009985619469026548,0.014103982300884955,3616,901,0.1433935794616519
ADHD,lived_only,Lived experience,2018-2021,2,2018,2021,negative,3,dyslexia,unigram,False,False,48,48,-0.6670000000000001,-32.016000000000005,-0.008853982300884957,0.01327433628318584,3616,901,0.1433935794616519
ADHD,lived_only,Lived experience,2018-2021,2,2018,2021,negative,4,diagnose,unigram,False,False,63,62,-0.4555,-28.6965,-0.007935978982300885,0.017422566371681415,3616,901,0.1433935794616519
ADHD,lived_only,Lived experience,2018-2021,2,2018,2021,negative,5,depression,unigram,False,False,26,26,-0.938,-24.387999999999998,-0.0067444690265486724,0.007190265486725664,3616,901,0.1433935794616519
ADHD,lived_only,Lived experience,2018-2021,2,2018,2021,positive,1,child,unigram,False,False,126,112,0.7689999999999999,96.89399999999999,0.026795907079646016,0.03484513274336283,3616,901,0.1433935794616519
ADHD,lived_only,Lived experience,2018-2021,2,2018,2021,positive,2,like,unigram,False,False,37,34,0.77225,28.573249999999998,0.00790189435840708,0.010232300884955753,3616,901,0.1433935794616519
ADHD,lived_only,Lived experience,2018-2021,2,2018,2021,positive,3,adult,unigram,False,False,41,34,0.63,25.830000000000002,0.007143252212389381,0.01133849557522124,3616,901,0.1433935794616519
ADHD,lived_only,Lived experience,2018-2021,2,2018,2021,positive,4,add,unigram,True,False,85,75,0.29000000000000004,24.650000000000002,0.006816924778761063,0.02350663716814159,3616,901,0.1433935794616519
ADHD,lived_only,Lived experience,2018-2021,2,2018,2021,positive,5,learn,unigram,False,False,38,36,0.58975,22.4105,0.006197594026548672,0.010508849557522125,3616,901,0.1433935794616519
ADHD,lived_only,Lived experience,2022-2026,3,2022,2026,negative,1,autism,unigram,False,True,189,161,-0.53,-100.17,-0.023867047891350964,0.04503216583273767,4197,908,0.16080247796044794
ADHD,lived_only,Lived experience,2022-2026,3,2022,2026,negative,2,dyslexia,unigram,False,False,88,83,-0.667,-58.696000000000005,-0.013985227543483442,0.020967357636406957,4197,908,0.16080247796044794
ADHD,lived_only,Lived experience,2022-2026,3,2022,2026,negative,3,diagnose,unigram,False,False,61,58,-0.4555,-27.785500000000003,-0.006620324040981654,0.014534191088873005,4197,908,0.16080247796044794
ADHD,lived_only,Lived experience,2022-2026,3,2022,2026,negative,4,disorder,unigram,False,False,34,31,-0.675,-22.950000000000003,-0.005468191565403861,0.008101024541339052,4197,908,0.16080247796044794
ADHD,lived_only,Lived experience,2022-2026,3,2022,2026,negative,5,anxiety,unigram,False,False,32,30,-0.708,-22.656,-0.005398141529664046,0.007624493685966166,4197,908,0.16080247796044794
ADHD,lived_only,Lived experience,2022-2026,3,2022,2026,positive,1,child,unigram,False,False,73,55,0.7689999999999999,56.13699999999999,0.013375506314033832,0.017393376221110316,4197,908,0.16080247796044794
ADHD,lived_only,Lived experience,2022-2026,3,2022,2026,positive,2,like,unigram,False,False,63,59,0.77225,48.65175,0.011592030021443888,0.01501072194424589,4197,908,0.16080247796044794
ADHD,lived_only,Lived experience,2022-2026,3,2022,2026,positive,3,adult,unigram,False,False,39,31,0.63,24.57,0.005854181558255897,0.009292351679771264,4197,908,0.16080247796044794
ADHD,lived_only,Lived experience,2022-2026,3,2022,2026,positive,4,live,unigram,False,False,38,33,0.49399999999999994,18.772,0.004472718608529902,0.009054086252084823,4197,908,0.16080247796044794
ADHD,lived_only,Lived experience,2022-2026,3,2022,2026,positive,5,help,unigram,False,False,54,48,0.346,18.683999999999997,0.004451751250893495,0.012866333095067906,4197,908,0.16080247796044794
Autism,substantive_core_overall,Overall,2014-2017,1,2014,2017,negative,1,disorder,unigram,False,False,2685,2101,-0.675,-1812.3750000000002,-0.029843649656671446,0.04421281430617991,60729,10065,0.1465503877883713
Autism,substantive_core_overall,Overall,2014-2017,1,2014,2017,negative,2,disability,unigram,False,False,514,458,-0.854,-438.956,-0.007228111775263877,0.008463831118575968,60729,10065,0.1465503877883713
Autism,substantive_core_overall,Overall,2014-2017,1,2014,2017,negative,3,syndrome,unigram,False,False,472,419,-0.542,-255.824,-0.004212550840619803,0.007772234023283769,60729,10065,0.1465503877883713
Autism,substantive_core_overall,Overall,2014-2017,1,2014,2017,negative,4,diagnose,unigram,False,False,511,476,-0.4555,-232.7605,-0.0038327734690180968,0.008414431326055098,60729,10065,0.1465503877883713
Autism,substantive_core_overall,Overall,2014-2017,1,2014,2017,negative,5,spectrum,unigram,True,False,515,457,-0.376,-193.64,-0.0031885919412471798,0.008480297716082925,60729,10065,0.1465503877883713
Autism,substantive_core_overall,Overall,2014-2017,1,2014,2017,positive,1,child,unigram,False,False,2836,2266,0.7689999999999998,2180.8839999999996,0.0359117390373627,0.04669927052973044,60729,10065,0.1465503877883713
Autism,substantive_core_overall,Overall,2014-2017,1,2014,2017,positive,2,developmental,unigram,False,False,415,382,0.704,292.15999999999997,0.004810881127632597,0.006833637965387212,60729,10065,0.1465503877883713
Autism,substantive_core_overall,Overall,2014-2017,1,2014,2017,positive,3,family,unigram,False,False,301,278,0.8845000000000001,266.2345,0.00438397635396598,0.0049564458495940985,60729,10065,0.1465503877883713
Autism,substantive_core_overall,Overall,2014-2017,1,2014,2017,positive,4,like,unigram,False,False,292,279,0.77225,225.49699999999999,0.0037131683380263133,0.004808246472031484,60729,10065,0.1465503877883713
Autism,substantive_core_overall,Overall,2014-2017,1,2014,2017,positive,5,son,unigram,False,False,371,340,0.584,216.664,0.003567718882247361,0.006109107675081098,60729,10065,0.1465503877883713
Autism,substantive_core_overall,Overall,2018-2021,2,2018,2021,negative,1,disorder,unigram,False,False,2238,1753,-0.675,-1510.65,-0.030931856341373524,0.0458249723575904,48838,8243,0.14446301718607096
Autism,substantive_core_overall,Overall,2018-2021,2,2018,2021,negative,2,disability,unigram,False,False,455,422,-0.854,-388.57,-0.007956304516974487,0.009316515827838977,48838,8243,0.14446301718607096
Autism,substantive_core_overall,Overall,2018-2021,2,2018,2021,negative,3,adhd,unigram,False,True,484,432,-0.484,-234.256,-0.004796592817068676,0.009910315737745198,48838,8243,0.14446301718607096
Autism,substantive_core_overall,Overall,2018-2021,2,2018,2021,negative,4,diagnose,unigram,False,False,445,416,-0.4555,-202.69750000000002,-0.0041504054220074535,0.009111757238216143,48838,8243,0.14446301718607096
Autism,substantive_core_overall,Overall,2018-2021,2,2018,2021,negative,5,syndrome,unigram,False,False,315,282,-0.542,-170.73000000000002,-0.003495843400630657,0.006449895573119292,48838,8243,0.14446301718607096
Autism,substantive_core_overall,Overall,2018-2021,2,2018,2021,positive,1,child,unigram,False,False,2173,1666,0.7689999999999999,1671.0369999999998,0.03421591793275727,0.04449404152504197,48838,8243,0.14446301718607096
Autism,substantive_core_overall,Overall,2018-2021,2,2018,2021,positive,2,developmental,unigram,False,False,321,300,0.704,225.98399999999998,0.004627216511732667,0.006572750726892993,48838,8243,0.14446301718607096
Autism,substantive_core_overall,Overall,2018-2021,2,2018,2021,positive,3,family,unigram,False,False,251,226,0.8845000000000001,222.0095,0.004545835210287071,0.00513944059953315,48838,8243,0.14446301718607096
Autism,substantive_core_overall,Overall,2018-2021,2,2018,2021,positive,4,like,unigram,False,False,258,243,0.77225,199.2405,0.004079620377574839,0.005282771612269135,48838,8243,0.14446301718607096
Autism,substantive_core_overall,Overall,2018-2021,2,2018,2021,positive,5,include,unigram,False,False,422,401,0.45933333333333337,193.83866666666668,0.003969013200103745,0.008640812482083624,48838,8243,0.14446301718607096
Autism,substantive_core_overall,Overall,2022-2026,3,2022,2026,negative,1,disorder,unigram,False,False,1671,1259,-0.6750000000000002,-1127.9250000000002,-0.032133699894589904,0.04760548132531837,35101,5741,0.15216853318518941
Autism,substantive_core_overall,Overall,2022-2026,3,2022,2026,negative,2,adhd,unigram,False,True,613,507,-0.484,-296.692,-0.008452522720150422,0.017463889917666165,35101,5741,0.15216853318518941
Autism,substantive_core_overall,Overall,2022-2026,3,2022,2026,negative,3,disability,unigram,False,False,304,274,-0.854,-259.616,-0.00739625651690835,0.008660721916754509,35101,5741,0.15216853318518941
Autism,substantive_core_overall,Overall,2022-2026,3,2022,2026,negative,4,dangerous,unigram,False,False,183,183,-0.9600000000000001,-175.68,-0.0050049856129455,0.005213526680151562,35101,5741,0.15216853318518941
Autism,substantive_core_overall,Overall,2022-2026,3,2022,2026,negative,5,diagnose,unigram,False,False,347,315,-0.4555,-158.0585,-0.004502962878550469,0.009885758240505969,35101,5741,0.15216853318518941
Autism,substantive_core_overall,Overall,2022-2026,3,2022,2026,positive,1,child,unigram,False,False,1368,1070,0.769,1051.992,0.029970428192928975,0.038973248625395286,35101,5741,0.15216853318518941
Autism,substantive_core_overall,Overall,2022-2026,3,2022,2026,positive,2,family,unigram,False,False,199,185,0.8845000000000001,176.0155,0.005014543745192445,0.005669354149454431,35101,5741,0.15216853318518941
Autism,substantive_core_overall,Overall,2022-2026,3,2022,2026,positive,3,developmental,unigram,False,False,244,230,0.704,171.77599999999998,0.0048937637104356,0.0069513689068687505,35101,5741,0.15216853318518941
Autism,substantive_core_overall,Overall,2022-2026,3,2022,2026,positive,4,support,unigram,False,False,295,238,0.532,156.94,0.004471097689524515,0.008404318965271645,35101,5741,0.15216853318518941
Autism,substantive_core_overall,Overall,2022-2026,3,2022,2026,positive,5,like,unigram,False,False,200,193,0.77225,154.45,0.004400159539614256,0.005697843366285861,35101,5741,0.15216853318518941
Autism,clinical_only,Clinical,2014-2017,1,2014,2017,negative,1,disorder,unigram,False,False,2102,1627,-0.675,-1418.8500000000001,-0.04071188775071017,0.060313907778829876,34851,5699,0.08466302975524376
Autism,clinical_only,Clinical,2014-2017,1,2014,2017,negative,2,disability,unigram,False,False,267,241,-0.854,-228.018,-0.006542653008521994,0.007661186192648705,34851,5699,0.08466302975524376
Autism,clinical_only,Clinical,2014-2017,1,2014,2017,negative,3,disease,unigram,False,False,197,173,-0.8360000000000001,-164.692,-0.004725603282545694,0.005652635505437434,34851,5699,0.08466302975524376
Autism,clinical_only,Clinical,2014-2017,1,2014,2017,negative,4,schizophrenia,unigram,False,False,192,161,-0.816,-156.672,-0.004495480760953774,0.005509167599208057,34851,5699,0.08466302975524376
Autism,clinical_only,Clinical,2014-2017,1,2014,2017,negative,5,syndrome,unigram,False,False,257,230,-0.542,-139.294,-0.003996843706062954,0.007374250380189951,34851,5699,0.08466302975524376
Autism,clinical_only,Clinical,2014-2017,1,2014,2017,positive,1,child,unigram,False,False,1514,1238,0.7689999999999999,1164.2659999999998,0.03340696106281024,0.0434420820062552,34851,5699,0.08466302975524376
Autism,clinical_only,Clinical,2014-2017,1,2014,2017,positive,2,developmental,unigram,False,False,303,282,0.704,213.31199999999998,0.006120685202720151,0.008694155117500215,34851,5699,0.08466302975524376
Autism,clinical_only,Clinical,2014-2017,1,2014,2017,positive,3,include,unigram,False,False,305,286,0.4593333333333334,140.0966666666667,0.00401987508727631,0.008751542279991966,34851,5699,0.08466302975524376
Autism,clinical_only,Clinical,2014-2017,1,2014,2017,positive,4,study,unigram,False,False,270,247,0.47333333333333333,127.8,0.003667039683222863,0.0077472669363863305,34851,5699,0.08466302975524376
Autism,clinical_only,Clinical,2014-2017,1,2014,2017,positive,5,like,unigram,False,False,145,140,0.77225,111.97625,0.0032129996269834437,0.004160569280651918,34851,5699,0.08466302975524376
Autism,clinical_only,Clinical,2018-2021,2,2018,2021,negative,1,disorder,unigram,False,False,1753,1351,-0.675,-1183.275,-0.0463738438626744,0.06870199090766578,25516,4320,0.06991934603124836
Autism,clinical_only,Clinical,2018-2021,2,2018,2021,negative,2,disability,unigram,False,False,218,205,-0.854,-186.172,-0.007296284684119768,0.008543658880702304,25516,4320,0.06991934603124836
Autism,clinical_only,Clinical,2018-2021,2,2018,2021,negative,3,adhd,unigram,False,True,296,260,-0.48400000000000004,-143.264,-0.0056146731462611696,0.011600564351779277,25516,4320,0.06991934603124836
Autism,clinical_only,Clinical,2018-2021,2,2018,2021,negative,4,disease,unigram,False,False,145,137,-0.8360000000000001,-121.22000000000001,-0.004750744630819878,0.005682708888540524,25516,4320,0.06991934603124836
Autism,clinical_only,Clinical,2018-2021,2,2018,2021,negative,5,spectrum,unigram,True,False,268,227,-0.376,-100.768,-0.003949208339865183,0.01050321366985421,25516,4320,0.06991934603124836
Autism,clinical_only,Clinical,2018-2021,2,2018,2021,positive,1,child,unigram,False,False,1078,849,0.7689999999999999,828.9819999999999,0.03248871296441448,0.04224800125411506,25516,4320,0.06991934603124836
Autism,clinical_only,Clinical,2018-2021,2,2018,2021,positive,2,developmental,unigram,False,False,219,202,0.704,154.176,0.00604232638344568,0.008582849976485342,25516,4320,0.06991934603124836
Autism,clinical_only,Clinical,2018-2021,2,2018,2021,positive,3,include,unigram,False,False,270,256,0.45933333333333337,124.02000000000001,0.0048604796990123844,0.010581595861420285,25516,4320,0.06991934603124836
Autism,clinical_only,Clinical,2018-2021,2,2018,2021,positive,4,like,unigram,False,False,151,141,0.77225,116.60975,0.004570063881486126,0.0059178554632387526,25516,4320,0.06991934603124836
Autism,clinical_only,Clinical,2018-2021,2,2018,2021,positive,5,family,unigram,False,False,77,72,0.8845000000000002,68.10650000000001,0.0026691683649474845,0.0030177143752939334,25516,4320,0.06991934603124836
Autism,clinical_only,Clinical,2022-2026,3,2022,2026,negative,1,disorder,unigram,False,False,1314,985,-0.675,-886.95,-0.04945358238081963,0.07326456649010316,17935,2913,0.09600177771582566
Autism,clinical_only,Clinical,2022-2026,3,2022,2026,negative,2,adhd,unigram,False,True,316,265,-0.484,-152.944,-0.008527683300808475,0.01761918037357123,17935,2913,0.09600177771582566
Autism,clinical_only,Clinical,2022-2026,3,2022,2026,negative,3,disability,unigram,False,False,158,146,-0.8539999999999999,-134.932,-0.0075233900195149144,0.008809590186785616,17935,2913,0.09600177771582566
Autism,clinical_only,Clinical,2022-2026,3,2022,2026,negative,4,diagnose,unigram,False,False,155,139,-0.4555,-70.6025,-0.003936576526345136,0.008642319487036521,17935,2913,0.09600177771582566
Autism,clinical_only,Clinical,2022-2026,3,2022,2026,negative,5,schizophrenia,unigram,False,False,81,71,-0.8159999999999998,-66.09599999999999,-0.0036853080568720374,0.004516308893225537,17935,2913,0.09600177771582566
Autism,clinical_only,Clinical,2022-2026,3,2022,2026,positive,1,child,unigram,False,False,764,614,0.7689999999999999,587.516,0.03275807081126289,0.04259827153610259,17935,2913,0.09600177771582566
Autism,clinical_only,Clinical,2022-2026,3,2022,2026,positive,2,developmental,unigram,False,False,186,178,0.704,130.944,0.007301031502648452,0.010370783384443825,17935,2913,0.09600177771582566
Autism,clinical_only,Clinical,2022-2026,3,2022,2026,positive,3,include,unigram,False,False,179,167,0.45933333333333337,82.22066666666667,0.004584369482390113,0.009980485085029273,17935,2913,0.09600177771582566
Autism,clinical_only,Clinical,2022-2026,3,2022,2026,positive,4,like,unigram,False,False,102,101,0.77225,78.7695,0.004391943127962085,0.005687203791469194,17935,2913,0.09600177771582566
Autism,clinical_only,Clinical,2022-2026,3,2022,2026,positive,5,individual,unigram,False,False,237,197,0.254,60.198,0.0033564538611653193,0.013214385280178422,17935,2913,0.09600177771582566
Autism,lived_only,Lived experience,2014-2017,1,2014,2017,negative,1,disorder,unigram,False,False,278,245,-0.675,-187.65,-0.011115389171899064,0.016467243217628245,16882,3537,0.24226083797338388
Autism,lived_only,Lived experience,2014-2017,1,2014,2017,negative,2,disability,unigram,False,False,156,147,-0.854,-133.224,-0.007891482051889586,0.009240611301978438,16882,3537,0.24226083797338388
Autism,lived_only,Lived experience,2014-2017,1,2014,2017,negative,3,syndrome,unigram,False,False,162,147,-0.542,-87.804,-0.005201042530505864,0.00959601942897761,16882,3537,0.24226083797338388
Autism,lived_only,Lived experience,2014-2017,1,2014,2017,negative,4,diagnose,unigram,False,False,163,157,-0.45549999999999996,-74.2465,-0.004397968250207321,0.009655254116810804,16882,3537,0.24226083797338388
Autism,lived_only,Lived experience,2014-2017,1,2014,2017,negative,5,spectrum,unigram,True,False,178,166,-0.376,-66.928,-0.003964459187300083,0.010543774434308732,16882,3537,0.24226083797338388
Autism,lived_only,Lived experience,2014-2017,1,2014,2017,positive,1,child,unigram,False,False,798,671,0.7689999999999999,613.6619999999999,0.03635007700509418,0.047269280890889706,16882,3537,0.24226083797338388
Autism,lived_only,Lived experience,2014-2017,1,2014,2017,positive,2,son,unigram,False,False,262,244,0.584,153.00799999999998,0.009063381115981518,0.01551948821229712,16882,3537,0.24226083797338388
Autism,lived_only,Lived experience,2014-2017,1,2014,2017,positive,3,family,unigram,False,False,135,128,0.8845000000000001,119.40750000000001,0.007073065987442247,0.007996682857481341,16882,3537,0.24226083797338388
Autism,lived_only,Lived experience,2014-2017,1,2014,2017,positive,4,parent,unigram,False,False,139,129,0.624,86.736,0.0051377798839000125,0.008233621608814122,16882,3537,0.24226083797338388
Autism,lived_only,Lived experience,2014-2017,1,2014,2017,positive,5,like,unigram,False,False,102,97,0.77225,78.7695,0.004665886743276863,0.006041938158985902,16882,3537,0.24226083797338388
Autism,lived_only,Lived experience,2018-2021,2,2018,2021,negative,1,disorder,unigram,False,False,253,229,-0.675,-170.775,-0.011269301834499142,0.016695261977035768,15154,3176,0.24121968127227134
Autism,lived_only,Lived experience,2018-2021,2,2018,2021,negative,2,disability,unigram,False,False,149,144,-0.854,-127.246,-0.008396858915137917,0.009832387488451893,15154,3176,0.24121968127227134
Autism,lived_only,Lived experience,2018-2021,2,2018,2021,negative,3,diagnose,unigram,False,False,166,161,-0.4555,-75.613,-0.0049896396990893495,0.010954203510624257,15154,3176,0.24121968127227134
Autism,lived_only,Lived experience,2018-2021,2,2018,2021,negative,4,adhd,unigram,False,True,119,113,-0.484,-57.596,-0.003800712683119968,0.007852712155206547,15154,3176,0.24121968127227134
Autism,lived_only,Lived experience,2018-2021,2,2018,2021,negative,5,syndrome,unigram,False,False,99,92,-0.542,-53.658,-0.003540847301042629,0.006532928599709648,15154,3176,0.24121968127227134
Autism,lived_only,Lived experience,2018-2021,2,2018,2021,positive,1,child,unigram,False,False,658,546,0.7689999999999999,506.00199999999995,0.03339065593242708,0.04342087897584796,15154,3176,0.24121968127227134
Autism,lived_only,Lived experience,2018-2021,2,2018,2021,positive,2,son,unigram,False,False,216,201,0.584,126.14399999999999,0.008324138841230037,0.014253662399366504,15154,3176,0.24121968127227134
Autism,lived_only,Lived experience,2018-2021,2,2018,2021,positive,3,family,unigram,False,False,101,93,0.8845000000000001,89.3345,0.005895110201926884,0.006664906955259338,15154,3176,0.24121968127227134
Autism,lived_only,Lived experience,2018-2021,2,2018,2021,positive,4,people,unigram,False,False,424,348,0.198,83.952,0.005539923452553781,0.027979411376534247,15154,3176,0.24121968127227134
Autism,lived_only,Lived experience,2018-2021,2,2018,2021,positive,5,kid,unigram,False,False,130,116,0.4793333333333334,62.31333333333334,0.004112005631076504,0.008578593110729841,15154,3176,0.24121968127227134
Autism,lived_only,Lived experience,2022-2026,3,2022,2026,negative,1,dangerous,unigram,False,False,170,170,-0.96,-163.2,-0.01474387930255669,0.015358207606829885,11069,2282,0.2119501867076219
Autism,lived_only,Lived experience,2022-2026,3,2022,2026,negative,2,disorder,unigram,False,False,166,145,-0.675,-112.05000000000001,-0.01012286566085464,0.014996838016080948,11069,2282,0.2119501867076219
Autism,lived_only,Lived experience,2022-2026,3,2022,2026,negative,3,adhd,unigram,False,True,203,173,-0.484,-98.252,-0.008876321257566176,0.018339506730508628,11069,2282,0.2119501867076219
Autism,lived_only,Lived experience,2022-2026,3,2022,2026,negative,4,obsession,unigram,False,False,171,171,-0.542,-92.682,-0.00837311410244828,0.01544855000451712,11069,2282,0.2119501867076219
Autism,lived_only,Lived experience,2022-2026,3,2022,2026,negative,5,disability,unigram,False,False,78,76,-0.854,-66.612,-0.006017887794742072,0.0070467070196043,11069,2282,0.2119501867076219
Autism,lived_only,Lived experience,2022-2026,3,2022,2026,positive,1,child,unigram,False,False,354,299,0.7689999999999998,272.22599999999994,0.024593549552805127,0.03198120878128106,11069,2282,0.2119501867076219
Autism,lived_only,Lived experience,2022-2026,3,2022,2026,positive,2,family,unigram,False,False,95,89,0.8845000000000001,84.0275,0.007591245821664107,0.00858252778028729,11069,2282,0.2119501867076219
Autism,lived_only,Lived experience,2022-2026,3,2022,2026,positive,3,son,unigram,False,False,137,126,0.584,80.008,0.007228114554160267,0.012376908483151143,11069,2282,0.2119501867076219
Autism,lived_only,Lived experience,2022-2026,3,2022,2026,positive,4,people,unigram,False,False,305,245,0.198,60.39,0.005455777396332098,0.02755443129460656,11069,2282,0.2119501867076219
Autism,lived_only,Lived experience,2022-2026,3,2022,2026,positive,5,support,unigram,False,False,112,92,0.532,59.584,0.005382961423796188,0.010118348540970276,11069,2282,0.2119501867076219
