lsc_year,analysis_unit,frame_stratum,term_role,target_group,arousal_mean,arousal_sd,valence_mean_for_reference,dominance_mean_for_reference,matched_vad_units,unique_collocates,documents_with_matches,context_rows,documents,candidate_collocate_tokens,matched_vad_units_coverage,matched_token_positions,contexts_with_vad_match,matched_token_coverage,context_match_coverage,small_cell_flag,bootstrap_repetitions,bootstrap_unit,arousal_bootstrap_mean,arousal_ci_low,arousal_ci_high
2014,ADHD,clinical_only,target,ADHD,-0.027904234303707986,0.2795035919846605,0.060713497204549834,0.015757866461024356,7410,1406,807,1286,808,9069,7410,7935,1273,0.8749586503473371,0.9898911353032659,False,500,doc_id,-0.027717135357611077,-0.0341232918136921,-0.020622041062023512
2015,ADHD,clinical_only,target,ADHD,-0.03217769295744905,0.27607575388969724,0.06655402034280083,0.015868515468271567,6765,1379,771,1203,774,8360,6765,7231,1191,0.8649521531100478,0.9900249376558603,False,500,doc_id,-0.03195251626686307,-0.039842444211536425,-0.024182250160222844
2016,ADHD,clinical_only,target,ADHD,-0.02191533184614936,0.2786806920910881,0.0449392663954743,0.008917950456361356,6532,1357,789,1149,790,8030,6532,7025,1141,0.8748443337484434,0.9930374238468234,False,500,doc_id,-0.022050488082261455,-0.028869827025237122,-0.014595625209144028
2017,ADHD,clinical_only,target,ADHD,-0.018393184340748273,0.2798320371468438,0.048402983320230006,0.014013265966794617,6178,1346,748,1099,751,7593,6178,6602,1087,0.8694850520215989,0.989080982711556,False,500,doc_id,-0.018499425924517122,-0.02561341457773362,-0.011174433034317803
2018,ADHD,clinical_only,target,ADHD,-0.02045579345437403,0.2819680474904294,0.04807527435198858,0.0033094804816671177,6869,1425,785,1182,787,8408,6869,7339,1176,0.8728591817316841,0.9949238578680203,False,500,doc_id,-0.020351312291158066,-0.027925003465405922,-0.012632754163905347
2019,ADHD,clinical_only,target,ADHD,-0.013095815956370454,0.2858491129648304,0.029206358528901286,0.000833717066028347,5789,1218,672,1000,674,7120,5789,6196,995,0.8702247191011236,0.995,False,500,doc_id,-0.012914893372363819,-0.02125975592066581,-0.004590819251830887
2020,ADHD,clinical_only,target,ADHD,-0.02257602709041558,0.27669105533847155,0.04419322036875994,0.007804889714601946,5421,1179,665,959,668,6722,5421,5833,947,0.8677476941386492,0.9874869655891554,False,500,doc_id,-0.022766518304107464,-0.03153556570211131,-0.013694319940891706
2021,ADHD,clinical_only,target,ADHD,-0.015004100504053165,0.296847074969558,0.037715083723320796,0.0017294284992921617,5281,1252,635,928,636,6430,5281,5639,922,0.8769828926905132,0.9935344827586207,False,500,doc_id,-0.015037424113149699,-0.024421499216354205,-0.005970031592901634
2022,ADHD,clinical_only,target,ADHD,-0.027568312402854317,0.2801154860503008,0.05796925427441006,0.021404335346898402,5392,1212,633,930,634,6550,5392,5797,923,0.8850381679389313,0.9924731182795699,False,500,doc_id,-0.027379182654563492,-0.03553404434858905,-0.018470577530826298
2023,ADHD,clinical_only,target,ADHD,-0.011917933775726747,0.2832955912810999,0.05305690537945902,0.02334097528660132,4241,1053,474,750,477,5142,4241,4514,736,0.8778685336444964,0.9813333333333333,False,500,doc_id,-0.01176589573936406,-0.021248410454122343,-0.0024047385399536296
2024,ADHD,clinical_only,target,ADHD,-0.01586129458309428,0.28405586416430406,0.049222846744119336,0.01616306954006502,3984,971,454,704,457,4861,3984,4237,693,0.8716313515737503,0.984375,False,500,doc_id,-0.015795375216802132,-0.02555243259182098,-0.005573828894492158
2025,ADHD,clinical_only,target,ADHD,-0.005700028045044653,0.28702748113425297,0.06482840963023687,0.03050213142339388,3311,894,379,578,380,4040,3311,3513,569,0.8695544554455445,0.9844290657439446,False,500,doc_id,-0.005652322391711194,-0.016890146351218237,0.007107918597804897
2026,ADHD,clinical_only,target,ADHD,-0.014773128825197789,0.2741364577746936,0.06520938498283325,0.044881521122555605,1595,593,170,271,170,1986,1595,1701,271,0.8564954682779456,1.0,False,500,doc_id,-0.014221939959755616,-0.03130509814892021,0.002112978787863603
2014,ADHD,lived_only,target,ADHD,-0.04956612441809056,0.23768915635562823,0.10917571584614183,0.024616881225455772,1831,661,243,310,243,2326,1831,1981,309,0.851676698194325,0.9967741935483871,False,500,doc_id,-0.04897959332595521,-0.06140931236028517,-0.0376884531573157
2015,ADHD,lived_only,target,ADHD,-0.05554820691434468,0.23220089962628246,0.11591275799793603,0.02806164860681114,1292,516,169,216,169,1638,1292,1411,216,0.8614163614163615,1.0,False,500,doc_id,-0.05575379367614437,-0.07046848698277136,-0.042037316124256194
2016,ADHD,lived_only,target,ADHD,-0.03485237462679014,0.23718138027908886,0.11393333965892415,0.04573055133849501,1882,655,245,309,245,2378,1882,2037,309,0.8566021867115223,1.0,False,500,doc_id,-0.03502838747987009,-0.04574613913152916,-0.023708245209759317
2017,ADHD,lived_only,target,ADHD,-0.04323047722342733,0.2487845608004291,0.11015595625451917,0.018458432754880693,1844,643,241,303,241,2324,1844,2021,303,0.8696213425129088,1.0,False,500,doc_id,-0.04345131291355314,-0.05681453678192176,-0.03070133932323006
2018,ADHD,lived_only,target,ADHD,-0.04188088636563683,0.24446724624929117,0.11004867089164685,0.04091267494058621,1623,619,215,269,216,2031,1623,1730,268,0.8517971442639094,0.9962825278810409,False,500,doc_id,-0.041773969385131546,-0.054542884180664934,-0.028303158321849216
2019,ADHD,lived_only,target,ADHD,-0.02715188436887547,0.2559197848388384,0.12262073070607553,0.04776919460776524,1798,588,223,299,223,2242,1798,1938,299,0.864406779661017,1.0,False,500,doc_id,-0.027184433162783152,-0.04095719811259319,-0.013024199480868177
2020,ADHD,lived_only,target,ADHD,-0.034232041499836316,0.24852823463871554,0.11673927501196142,0.03832319382538843,1891,634,239,312,240,2351,1891,2042,311,0.86856656741812,0.9967948717948718,False,500,doc_id,-0.03448647068420492,-0.046921266025156755,-0.022390672566040014
2021,ADHD,lived_only,target,ADHD,-0.04464150090415914,0.23881385007401557,0.11409997379248893,0.029939071467882692,1817,622,232,299,232,2236,1817,1954,299,0.8738819320214669,1.0,False,500,doc_id,-0.04469155537197291,-0.056757721658071775,-0.03257087895463043
2022,ADHD,lived_only,target,ADHD,-0.03877333311226069,0.25633003755856054,0.12339192090020781,0.04304534531547066,2154,723,254,356,254,2728,2154,2318,354,0.8497067448680352,0.9943820224719101,False,500,doc_id,-0.0388055401955437,-0.049145999027949146,-0.026988134171536095
2023,ADHD,lived_only,target,ADHD,-0.05377899379329882,0.24546380657832362,0.1287724793324577,0.04094194545314069,1849,620,216,299,216,2310,1849,1980,299,0.8571428571428571,1.0,False,500,doc_id,-0.05421526418979781,-0.06520328794457896,-0.04229927831147262
2024,ADHD,lived_only,target,ADHD,-0.03828659696784697,0.249417286564132,0.10643566468253968,0.04736974206349206,1872,651,227,313,227,2384,1872,2009,313,0.8427013422818792,1.0,False,500,doc_id,-0.03787240522230539,-0.0497574619942046,-0.02676424637145498
2025,ADHD,lived_only,target,ADHD,-0.027193679421116106,0.24858964861900115,0.1403487245550561,0.07399387494061324,1303,493,148,216,148,1633,1303,1383,212,0.8469075321494183,0.9814814814814815,False,500,doc_id,-0.027841404700492546,-0.043280572774553834,-0.012893702340945045
2026,ADHD,lived_only,target,ADHD,-0.022364895855249315,0.2495077747790508,0.09184225050845081,0.03446991023213409,679,317,76,109,76,846,679,730,109,0.8628841607565012,1.0,False,500,doc_id,-0.021890386443541764,-0.04335908959824659,0.00033962983642315766
2014,ADHD,mixed,target,ADHD,-0.04414661091753774,0.24843939649369007,0.09580897328687572,0.03936716144018583,1025,445,152,183,152,1324,1025,1111,183,0.8391238670694864,1.0,False,500,doc_id,-0.04408498761973563,-0.06041612169545639,-0.027308647234763946
2015,ADHD,mixed,target,ADHD,-0.0517051324101069,0.24081454115033502,0.07235329810495628,0.009715722181729834,784,352,109,128,109,952,784,848,128,0.8907563025210085,1.0,False,500,doc_id,-0.05188073176678599,-0.07231280909706023,-0.03316282616220116
2016,ADHD,mixed,target,ADHD,-0.023918239833778568,0.2549054490244915,0.08684382606114574,0.040489581478183434,1123,486,142,182,142,1404,1123,1198,182,0.8532763532763533,1.0,False,500,doc_id,-0.024336587048198997,-0.04011349052838655,-0.007571902068353706
2017,ADHD,mixed,target,ADHD,-0.029861107009556617,0.2488067871446854,0.08181678971330134,0.023747491899429884,1161,465,152,187,153,1433,1161,1241,186,0.8660153524075367,0.9946524064171123,False,500,doc_id,-0.02970223355893166,-0.04527487991015038,-0.013957702987498983
2018,ADHD,mixed,target,ADHD,-0.019985498998166856,0.2580746090335707,0.054839237754188516,0.020148252120902075,1117,447,151,182,152,1352,1117,1194,181,0.8831360946745562,0.9945054945054945,False,500,doc_id,-0.01941719267856086,-0.03767532976791597,-0.001008403616620979
2019,ADHD,mixed,target,ADHD,-0.037295850819763866,0.2609825769290646,0.07102008841139276,0.01658423143640535,851,364,120,142,120,1052,851,926,142,0.8802281368821293,1.0,False,500,doc_id,-0.03702534422399597,-0.05836665613898764,-0.018558486475568244
2020,ADHD,mixed,target,ADHD,-0.03834713215050474,0.26152620443149804,0.08598778423574997,0.03815235036198634,934,411,128,156,130,1184,934,1021,154,0.862331081081081,0.9871794871794872,False,500,doc_id,-0.037477138575050264,-0.0563230947123473,-0.019137435706718307
2021,ADHD,mixed,target,ADHD,-0.012097802529896817,0.2735891817822818,0.0759195505763502,0.029580317748132797,1103,457,150,180,150,1367,1103,1187,180,0.8683247988295537,1.0,False,500,doc_id,-0.0126741998289443,-0.02894128857568427,0.0040410296892360266
2022,ADHD,mixed,target,ADHD,-0.024828398814214416,0.24072996223543425,0.11572620736237758,0.05820800780517092,1269,487,152,193,152,1525,1269,1355,193,0.8885245901639345,1.0,False,500,doc_id,-0.024801054769170983,-0.03861573025270951,-0.011011723535173197
2023,ADHD,mixed,target,ADHD,-0.03267767476705529,0.260975942613153,0.09707652526103853,0.028949021398136442,1017,430,122,159,122,1226,1017,1083,158,0.8833605220228385,0.9937106918238994,False,500,doc_id,-0.03328334109948108,-0.04961522121209608,-0.0164696908568158
2024,ADHD,mixed,target,ADHD,-0.04251290208554259,0.25917860852885954,0.10021905266878756,0.05309697773064687,943,416,121,154,122,1162,943,997,153,0.8580034423407917,0.9935064935064936,False,500,doc_id,-0.04253103799934082,-0.05935982984886865,-0.025822477754962353
2025,ADHD,mixed,target,ADHD,-0.03345850599781897,0.2643922332962326,0.08642922210105417,0.05747391130498001,655,349,90,110,92,813,655,691,108,0.8499384993849939,0.9818181818181818,False,500,doc_id,-0.03354212674693369,-0.053974443577779606,-0.015801538040458286
2026,ADHD,mixed,target,ADHD,-0.027291847826086957,0.2666803494673549,0.1213590579710145,0.059962801932367145,276,162,38,44,38,335,276,289,44,0.8626865671641791,1.0,True,500,doc_id,-0.028965450625527255,-0.06326442395328687,0.0026794063378401027
2014,ADHD,substantive_core_overall,target,ADHD,-0.03338946290575454,0.2696211381781001,0.07286108977391853,0.019695172460178306,10266,1813,1092,1779,1093,12719,10266,11027,1765,0.8669706737951097,0.9921304103428893,False,500,doc_id,-0.033244634278954986,-0.03940340646932433,-0.027552002950946283
2015,ADHD,substantive_core_overall,target,ADHD,-0.0373246465331976,0.2672387710241183,0.07428144063642876,0.017104771330543302,8841,1694,990,1547,993,10950,8841,9490,1535,0.8666666666666667,0.9922430510665805,False,500,doc_id,-0.037626107004441675,-0.04482786626511808,-0.03054080388824026
2016,ADHD,substantive_core_overall,target,ADHD,-0.02470413127817972,0.26824793611189524,0.0634886704414386,0.019900047184649258,9537,1792,1097,1640,1098,11812,9537,10260,1632,0.8686081950558754,0.9951219512195122,False,500,doc_id,-0.0246125185906444,-0.030379721673494328,-0.018659567441463312
2017,ADHD,substantive_core_overall,target,ADHD,-0.02483053883210695,0.27022531661265714,0.06502782392931036,0.016136572496797914,9183,1738,1066,1589,1070,11350,9183,9864,1576,0.8690748898678414,0.9918187539332913,False,500,doc_id,-0.024910402386590157,-0.03161918143050378,-0.01888194684562126
2018,ADHD,substantive_core_overall,target,ADHD,-0.024019911144809676,0.2733546360308599,0.05932911655243844,0.011618242322425901,9609,1798,1064,1633,1067,11791,9609,10263,1625,0.8704096344669663,0.9951010410287814,False,500,doc_id,-0.02415432430210799,-0.030443902181141756,-0.017896187034097278
2019,ADHD,substantive_core_overall,target,ADHD,-0.01853158754613483,0.2773777991402923,0.053328487624013814,0.012423391911872595,8438,1600,955,1441,957,10414,8438,9060,1436,0.8699827155751872,0.9965301873698821,False,500,doc_id,-0.01845173994383066,-0.02567554957258215,-0.011137712757272029
2020,ADHD,substantive_core_overall,target,ADHD,-0.027035369241075035,0.2688206139490714,0.06556366809881849,0.018240815171569478,8246,1625,968,1427,972,10257,8246,8896,1412,0.8673101296675441,0.9894884372810091,False,500,doc_id,-0.027242660594350376,-0.034289225872102674,-0.02076848377168895
2021,ADHD,substantive_core_overall,target,ADHD,-0.02117962908123864,0.28211151619452685,0.05977713374094913,0.01172533779271982,8201,1672,940,1407,941,10033,8201,8780,1401,0.8751121299710953,0.9957356076759062,False,500,doc_id,-0.021124409925113424,-0.027693789194810553,-0.01412114783776673
2022,ADHD,substantive_core_overall,target,ADHD,-0.0299118931475029,0.26908215474069,0.08227033168570888,0.031990676336331465,8815,1698,940,1479,941,10803,8815,9470,1470,0.8766083495325373,0.9939148073022313,False,500,doc_id,-0.02988447865400465,-0.03579916107808235,-0.02308513985382524
2023,ADHD,substantive_core_overall,target,ADHD,-0.025779444477945952,0.2713303113211225,0.07905466106521404,0.0287226520466073,7107,1493,751,1208,752,8678,7107,7577,1193,0.8731274487209034,0.9875827814569537,False,500,doc_id,-0.02567081788586279,-0.03280282067294545,-0.018697931008859515
2024,ADHD,substantive_core_overall,target,ADHD,-0.025732250891237506,0.27174441905747226,0.07204852954566147,0.029877963846223883,6799,1434,727,1171,729,8407,6799,7243,1159,0.861543951469014,0.9897523484201537,False,500,doc_id,-0.025840526239486485,-0.03285528233622648,-0.01800422514009858
2025,ADHD,substantive_core_overall,target,ADHD,-0.014466023642328442,0.2754066347966868,0.0861894843152672,0.044610360238230805,5269,1276,571,904,572,6486,5269,5587,889,0.8613937711995067,0.9834070796460177,False,500,doc_id,-0.014616885166604646,-0.023122166904058793,-0.006417265918557063
2026,ADHD,substantive_core_overall,target,ADHD,-0.018149590102707745,0.2669220331314022,0.07837841456582634,0.043741501400560226,2550,829,259,424,259,3167,2550,2720,424,0.8588569624250079,1.0,False,500,doc_id,-0.017907916807593113,-0.030000160952071874,-0.005055688688490625
2014,Autism,clinical_only,target,Autism,-0.023821216360403078,0.27357423923613794,0.08033640084304815,0.0305800644141474,18075,2445,1708,2850,1708,22685,18075,19226,2847,0.8475203879215341,0.9989473684210526,False,500,doc_id,-0.023836012876402617,-0.028379941731525853,-0.01950652928398009
2015,Autism,clinical_only,target,Autism,-0.022187229583776637,0.27203454518458753,0.07402671438243544,0.026086276522193922,13293,2145,1321,2083,1322,16685,13293,14130,2082,0.8468684447108181,0.99951992318771,False,500,doc_id,-0.02231613968197113,-0.027350010333096537,-0.01715344905369515
2016,Autism,clinical_only,target,Autism,-0.015631392079879788,0.2724420169541946,0.06275223813678445,0.02517196209587514,13754,2236,1392,2175,1392,17076,13754,14594,2175,0.8546498008901382,1.0,False,500,doc_id,-0.015669681692235822,-0.02072356722400909,-0.010450822839940324
2017,Autism,clinical_only,target,Autism,-0.01730844743165435,0.2778317550118674,0.06445439202974113,0.025194251447008507,12604,2177,1289,1984,1290,15661,12604,13382,1982,0.8544792797394802,0.998991935483871,False,500,doc_id,-0.017504364075836953,-0.02299521488455518,-0.011598903822200019
2018,Autism,clinical_only,target,Autism,-0.013184905938866969,0.27560978653845514,0.06403237796205351,0.02047786141749188,12421,2115,1276,1959,1277,15426,12421,13201,1956,0.8557629975366264,0.998468606431853,False,500,doc_id,-0.013224416863141566,-0.01840639928894152,-0.007257641113152229
2019,Autism,clinical_only,target,Autism,-0.01578482402786442,0.27638327188077055,0.06922182756290289,0.024329023922159836,10992,1972,1097,1717,1097,13578,10992,11658,1717,0.8585947856827221,1.0,False,500,doc_id,-0.015593525157138572,-0.0217876275967043,-0.009819168221137714
2020,Autism,clinical_only,target,Autism,-0.011171980614364682,0.2762277385831533,0.05490799996981998,0.018908720769389407,9467,1846,1031,1532,1031,11895,9467,10082,1532,0.8475830180748214,1.0,False,500,doc_id,-0.011110895417801114,-0.01791329991068171,-0.005064075524047422
2021,Autism,clinical_only,target,Autism,-0.01611560082898486,0.2738904190487956,0.0609939361977721,0.019591893342215314,9007,1777,924,1413,924,11172,9007,9553,1412,0.8550841389187254,0.9992922859164898,False,500,doc_id,-0.016043366841257456,-0.022446220381348064,-0.009078850590374991
2022,Autism,clinical_only,target,Autism,-0.013156745762711862,0.28130818663742657,0.06351538531073446,0.018952698305084746,7375,1563,772,1175,772,9174,7375,7833,1174,0.8538260300850229,0.9991489361702127,False,500,doc_id,-0.013493068244456055,-0.021516090196313273,-0.006159503535446345
2023,Autism,clinical_only,target,Autism,-0.011060104504279893,0.2774623708779146,0.07458579739050943,0.03053525374664118,6876,1477,677,1092,678,8519,6876,7258,1090,0.8519779316821223,0.9981684981684982,False,500,doc_id,-0.011133496724965235,-0.018751197199610155,-0.002873241255749392
2024,Autism,clinical_only,target,Autism,-0.008111407504072734,0.2801130034997675,0.06384870567965678,0.02611988690156342,5583,1217,592,900,592,6948,5583,5939,899,0.8547783534830167,0.9988888888888889,False,500,doc_id,-0.00761730697819131,-0.015546890326247582,0.0010954086154874487
2025,Autism,clinical_only,target,Autism,-0.0015957391608042678,0.27796940763790834,0.09838180911041261,0.06099683430624158,6681,1402,634,1044,634,8244,6681,7045,1044,0.8545608927704997,1.0,False,500,doc_id,-0.0013623576676506724,-0.009231552698078299,0.005625623230088013
2026,Autism,clinical_only,target,Autism,-0.015722230828074196,0.26274549387772567,0.09080468827691719,0.03965347198317078,2490,735,242,382,242,3049,2490,2630,382,0.8625778943916038,1.0,False,500,doc_id,-0.01602865744768555,-0.027826616668147976,-0.0027042073050529956
2014,Autism,lived_only,target,Autism,-0.04948620022414457,0.24066914325368016,0.1590757669947116,0.051945437432143735,8158,1775,937,1303,937,10515,8158,8805,1303,0.8373751783166904,1.0,False,500,doc_id,-0.04959930694852196,-0.05491296519795204,-0.04390452007829553
2015,Autism,lived_only,target,Autism,-0.04746389093190274,0.2431800647566088,0.14796306206916443,0.046758451587782295,6604,1575,741,1055,741,8482,6604,7149,1055,0.8428436689460033,1.0,False,500,doc_id,-0.047854358195200446,-0.054400418908859605,-0.041443268054409496
2016,Autism,lived_only,target,Autism,-0.04786410754032214,0.24497535490097816,0.16768317681435918,0.06012949711084065,8686,1737,931,1367,931,11130,8686,9337,1367,0.8389038634321653,1.0,False,500,doc_id,-0.047762412085922676,-0.053111346428793484,-0.04213012251977708
2017,Autism,lived_only,target,Autism,-0.04825973972092393,0.24283103382366572,0.1604727463365621,0.05636422305764411,8436,1776,959,1368,959,10993,8436,9130,1364,0.8305285181479123,0.9970760233918129,False,500,doc_id,-0.04841132188181784,-0.053849550472366926,-0.043132840396630893
2018,Autism,lived_only,target,Autism,-0.04912707469069244,0.23486434368786907,0.161009481167419,0.058946028801695936,7817,1714,873,1239,873,9947,7817,8401,1239,0.844576254146979,1.0,False,500,doc_id,-0.049175640224337354,-0.054607059747730696,-0.04376140820238401
2019,Autism,lived_only,target,Autism,-0.05064487885838374,0.2396330251854869,0.16723334108887855,0.06445169877462385,7675,1629,833,1191,833,9671,7675,8216,1191,0.8495502016337504,1.0,False,500,doc_id,-0.05046313190342083,-0.05616888210908454,-0.04496345741230839
2020,Autism,lived_only,target,Autism,-0.05040809523809523,0.24495354714017692,0.15704514185538979,0.05579933776966835,6655,1537,781,1064,782,8599,6655,7157,1063,0.8323060821025701,0.9990601503759399,False,500,doc_id,-0.05050197937888143,-0.05676201700128843,-0.04358204236702825
2021,Autism,lived_only,target,Autism,-0.050155287511230905,0.23786565999964587,0.15559747267145851,0.04895012915543576,6360,1473,709,994,709,8064,6360,6879,994,0.8530505952380952,1.0,False,500,doc_id,-0.050131432232498795,-0.05642422487108404,-0.04364868852807216
2022,Autism,lived_only,target,Autism,-0.05379051276230831,0.23494090737058482,0.1614755187315039,0.06251816779324725,5664,1428,643,911,643,7267,5664,6065,910,0.8345947433603963,0.9989023051591658,False,500,doc_id,-0.053792285786722106,-0.06068576934278728,-0.04720258572755379
2023,Autism,lived_only,target,Autism,-0.05017700571428571,0.23799162463184498,0.15673341333333332,0.061900415238095245,4375,1169,469,687,470,5552,4375,4658,686,0.8389769452449568,0.9985443959243085,False,500,doc_id,-0.05009747071723611,-0.057727920086311384,-0.04203751649991003
2024,Autism,lived_only,target,Autism,-0.04748721483272874,0.24037157932124653,0.150743192261185,0.06448221684804514,4135,1121,454,651,454,5269,4135,4424,651,0.8396280129056747,1.0,False,500,doc_id,-0.047346488634517715,-0.056063799275171536,-0.03878304927157799
2025,Autism,lived_only,target,Autism,0.00936553450400493,0.3218058479691288,0.09898042975970425,0.08791963955637708,4328,1054,566,746,566,5333,4328,4559,746,0.85486592912057,1.0,False,500,doc_id,0.009412987595482938,-0.0022625317383879445,0.02160743072823708
2026,Autism,lived_only,target,Autism,-0.043735169981146994,0.23423564531284805,0.15713538587848933,0.06368427446329746,1566,579,170,250,170,2019,1566,1677,250,0.8306092124814265,1.0,False,500,doc_id,-0.04380646217792444,-0.05662922325277094,-0.030385825829847554
2014,Autism,mixed,target,Autism,-0.03808895987033311,0.25668661857462743,0.13816909903867652,0.05656627878381399,4260,1122,502,660,502,5330,4260,4546,660,0.8529080675422139,1.0,False,500,doc_id,-0.037817015871702025,-0.04584357713248098,-0.02942784480920791
2015,Autism,mixed,target,Autism,-0.04350231264919761,0.24374011178721136,0.14714597839135654,0.057110070234990554,3451,992,413,539,413,4374,3451,3697,539,0.8452217649748514,1.0,False,500,doc_id,-0.04365161902341509,-0.052154960862306296,-0.03398083758350278
2016,Autism,mixed,target,Autism,-0.04478793055647969,0.2436742581100124,0.1475751868609577,0.0587602413112427,4294,1165,501,678,501,5493,4294,4594,678,0.8363371563808484,1.0,False,500,doc_id,-0.04488583764171825,-0.05188833271537118,-0.03700843898826494
2017,Autism,mixed,target,Autism,-0.05092101879855305,0.24469675080723052,0.14019990096661328,0.04706408290339797,4015,1063,457,627,457,5090,4015,4295,627,0.843811394891945,1.0,False,500,doc_id,-0.05092180883525623,-0.05995076629839391,-0.04307414211541584
2018,Autism,mixed,target,Autism,-0.04330070042194093,0.24457781385966465,0.13325406329113926,0.05134031645569621,3950,1076,477,620,477,4948,3950,4228,620,0.8544866612772838,1.0,False,500,doc_id,-0.043214816231523595,-0.050291297240200296,-0.03555051498779262
2019,Autism,mixed,target,Autism,-0.0353592417315045,0.25237988232293884,0.13971199566856501,0.05716074235982995,3562,996,403,546,403,4498,3562,3867,546,0.859715429079591,1.0,False,500,doc_id,-0.035680103234914155,-0.04455476944810214,-0.02674429371337285
2020,Autism,mixed,target,Autism,-0.04266297500903455,0.25342769932739706,0.13039587329385927,0.049788771439690876,3426,1001,388,525,388,4302,3426,3664,525,0.8516968851696886,1.0,False,500,doc_id,-0.04277341119454279,-0.05392128252069321,-0.03352217395329987
2021,Autism,mixed,target,Autism,-0.04148579207251082,0.2448402204251368,0.14480941017316018,0.05496617762445888,3520,1016,407,551,407,4421,3520,3766,551,0.8518434743270753,1.0,False,500,doc_id,-0.04136893920877269,-0.05148753881595336,-0.03156626032983752
2022,Autism,mixed,target,Autism,-0.04538777295210519,0.24972496723008367,0.14099298467848959,0.056224339486065866,2763,852,318,421,318,3415,2763,2948,421,0.8632503660322108,1.0,False,500,doc_id,-0.04567218230887863,-0.05657700547367163,-0.03447538104869935
2023,Autism,mixed,target,Autism,-0.029542021424596547,0.25497591713222095,0.1321129243183083,0.06600765164162493,2396,799,282,372,283,2976,2396,2548,371,0.8561827956989247,0.9973118279569892,False,500,doc_id,-0.029491471162822035,-0.04004696624993458,-0.017430627908006237
2024,Autism,mixed,target,Autism,-0.03039948250143431,0.2515039905688446,0.15093095467584625,0.07823892713711991,2075,724,229,315,229,2574,2075,2219,315,0.8620823620823621,1.0,False,500,doc_id,-0.030237095982056792,-0.04348205968734932,-0.015471618561954321
2025,Autism,mixed,target,Autism,-0.02013324095985386,0.26602723501240694,0.15777360817038236,0.08543518391663553,2294,773,273,357,273,2887,2294,2425,357,0.8399722895739522,1.0,False,500,doc_id,-0.020107071428033352,-0.03060046830757826,-0.008733921242587558
2026,Autism,mixed,target,Autism,-0.04355295588051493,0.2517589885552687,0.15729491938507686,0.057406908511436074,762,344,84,120,84,948,762,792,120,0.8354430379746836,1.0,False,500,doc_id,-0.044668287126456374,-0.06584450841044545,-0.02169552178308185
2014,Autism,substantive_core_overall,target,Autism,-0.03268080792937645,0.2630336654810126,0.10948155033239479,0.03992647133690324,30493,3532,2858,4813,2858,38530,30493,32577,4810,0.8454970153127433,0.9993766881362975,False,500,doc_id,-0.03265448044675509,-0.0360302102862703,-0.029173909738622945
2015,Autism,substantive_core_overall,target,Autism,-0.032487273407735544,0.26034067634928293,0.10574721379214698,0.03651895410639843,23348,3182,2252,3677,2252,29541,23348,24976,3676,0.8454690091736908,0.9997280391623606,False,500,doc_id,-0.0326187006024839,-0.03660617984190621,-0.02893145464708609
2016,Autism,substantive_core_overall,target,Autism,-0.030787056877812094,0.2597346478253951,0.110468998635588,0.04192475704204028,26734,3310,2553,4220,2553,33699,26734,28525,4220,0.8464642867740882,1.0,False,500,doc_id,-0.03075092903277258,-0.034398680679156406,-0.027214125123994234
2017,Autism,substantive_core_overall,target,Autism,-0.033116053729414334,0.26177992570871794,0.1089217261073258,0.03919374271840047,25055,3280,2439,3979,2439,31744,25055,26807,3973,0.8444745463709677,0.9984920834380497,False,500,doc_id,-0.033172447074777456,-0.03679623459585119,-0.029425124851528713
2018,Autism,substantive_core_overall,target,Autism,-0.02971861361792939,0.258630670126352,0.10667731234299574,0.03794984594879791,24188,3234,2369,3818,2369,30321,24188,25830,3815,0.8518848322944494,0.999214248297538,False,500,doc_id,-0.02972109689842038,-0.033762016794370305,-0.026272920117536847
2019,Autism,substantive_core_overall,target,Autism,-0.03095757119078681,0.26086635818024384,0.11435765666471726,0.043443159086478625,22229,3026,2104,3454,2104,27747,22229,23741,3454,0.8556240314268209,1.0,False,500,doc_id,-0.030898262753660158,-0.034861950808699964,-0.02673066955195843
2020,Autism,substantive_core_overall,target,Autism,-0.030048821703840118,0.2626234013897647,0.10291005303185322,0.036879976638701316,19548,2869,1972,3121,1973,24796,19548,20903,3120,0.8429988707856105,0.99967958987504,False,500,doc_id,-0.03018850614783532,-0.03410600589367364,-0.02601224802893696
2021,Autism,substantive_core_overall,target,Autism,-0.03230639240394627,0.25737279228101856,0.10847151126877393,0.036070733838089696,18887,2775,1831,2958,1831,23657,18887,20198,2957,0.8537853489453439,0.9996619337390128,False,500,doc_id,-0.03236241271918758,-0.036441462118749275,-0.027821920341088092
2022,Autism,substantive_core_overall,target,Autism,-0.03335697259539178,0.26072802013507707,0.11217484631240168,0.0410851096304868,15802,2547,1557,2507,1557,19856,15802,16846,2505,0.8484085414987913,0.9992022337455125,False,500,doc_id,-0.03332321574590749,-0.03815929878828487,-0.02802057168558022
2023,Autism,substantive_core_overall,target,Autism,-0.026845193955064253,0.26201672567486173,0.11102097111871788,0.046818279091514974,13647,2305,1284,2151,1286,17047,13647,14464,2147,0.8484777380184196,0.99814039981404,False,500,doc_id,-0.026835343069885043,-0.03205625272281965,-0.02210000625596884
2024,Autism,substantive_core_overall,target,Autism,-0.025839442687954517,0.26237410615092066,0.10963895147646101,0.048741377855305607,11793,2050,1140,1866,1140,14791,11793,12582,1865,0.8506524237712122,0.9994640943193998,False,500,doc_id,-0.025828576456031715,-0.031736698578186846,-0.020650394665866545
2025,Autism,substantive_core_overall,target,Autism,-0.0012262463175152021,0.2911807660725202,0.10881822324359346,0.07397010914115326,13303,2124,1326,2147,1326,16464,13303,14029,2147,0.8521015549076774,1.0,False,500,doc_id,-0.0011914393121666364,-0.006858649175180457,0.004658716004558012
2026,Autism,substantive_core_overall,target,Autism,-0.02922892970803929,0.2523991999715116,0.1228801196900512,0.0502720596374706,4818,1206,453,752,453,6016,4818,5099,752,0.8475731382978723,1.0,False,500,doc_id,-0.029288308408442484,-0.03712392137257457,-0.021048756293566808
2014,frustration,unframed_baseline,baseline,baseline,-0.025121543615046555,0.27287565051007096,0.05940964495789677,0.03214460613883714,72933,7230,10237,11401,10238,94684,72933,79100,11400,0.8354104178108234,0.9999122883957547,False,500,doc_id,-0.025184883425618303,-0.027295913135249324,-0.02312186290609914
2015,frustration,unframed_baseline,baseline,baseline,-0.024293551759286533,0.2733954786685403,0.05782010768357782,0.028104283663500984,54799,6369,7595,8543,7595,70564,54799,59498,8534,0.8431778243863727,0.9989465059112724,False,500,doc_id,-0.0243626786709547,-0.02669023455491841,-0.021607732116869005
2016,frustration,unframed_baseline,baseline,baseline,-0.02230641795035196,0.27447837268864345,0.055321095032998584,0.029956216003398744,65010,6946,9002,10068,9003,83328,65010,70594,10067,0.8471822196620584,0.9999006754072308,False,500,doc_id,-0.02234247374236226,-0.02456243823120518,-0.020247186466995457
2017,frustration,unframed_baseline,baseline,baseline,-0.02348496347942339,0.2742032597679771,0.05650437347378576,0.027986255057008393,61407,6685,8588,9489,8588,78492,61407,66675,9488,0.8494496254395353,0.9998946148171567,False,500,doc_id,-0.023591108197444526,-0.02590374341038287,-0.021460633735115933
2018,frustration,unframed_baseline,baseline,baseline,-0.023600357361881603,0.2718325293332197,0.05378373453921946,0.029467810443712276,60876,6544,8438,9422,8440,78120,60876,66114,9420,0.8463133640552996,0.9997877308427086,False,500,doc_id,-0.02364195726815899,-0.02595055830865827,-0.021276578762540865
2019,frustration,unframed_baseline,baseline,baseline,-0.025484697737613644,0.27381574455651514,0.052208153481204174,0.028281077510301008,55866,6297,7716,8615,7720,71472,55866,60823,8611,0.8510045892097605,0.9995356935577481,False,500,doc_id,-0.025559739455485172,-0.027830757510790012,-0.02332132703450396
2020,frustration,unframed_baseline,baseline,baseline,-0.023355116840408554,0.27594076307646037,0.05281111320357366,0.030019338849334595,58790,6343,7943,8982,7943,74523,58790,63756,8982,0.8555211142868645,1.0,False,500,doc_id,-0.02341735524485387,-0.02614250395837133,-0.02102612421997928
2021,frustration,unframed_baseline,baseline,baseline,-0.022299360183994806,0.2749073343033277,0.05263195534944116,0.029157537965941463,51782,6066,7108,7962,7108,65925,51782,56203,7962,0.8525293894577171,1.0,False,500,doc_id,-0.02230618619430989,-0.02477979423162746,-0.019841100718462745
2022,frustration,unframed_baseline,baseline,baseline,-0.020765401367682592,0.2742614967309372,0.05799601484692428,0.03293033896417146,45743,5651,6274,6963,6275,57949,45743,49571,6962,0.8554245974908972,0.9998563837426396,False,500,doc_id,-0.02076871927749887,-0.023237304129165366,-0.018216971390575567
2023,frustration,unframed_baseline,baseline,baseline,-0.021326465659079166,0.27489457912766196,0.05835165177721575,0.028391976183677354,42024,5286,5618,6377,5618,53137,42024,45612,6377,0.8583849295218021,1.0,False,500,doc_id,-0.02142159342989236,-0.02446774226629603,-0.018792609409393493
2024,frustration,unframed_baseline,baseline,baseline,-0.023768101356487166,0.2730777125526761,0.06603753252353388,0.03295696844120914,45608,5349,5956,6881,5957,57193,45608,49316,6880,0.8622733551308727,0.9998546722860049,False,500,doc_id,-0.023746828491237295,-0.026509434121596478,-0.021440141737792552
2025,frustration,unframed_baseline,baseline,baseline,-0.027505779411550822,0.27761295321509216,0.08584530629608622,0.046307302892796366,45838,5374,5902,6928,5902,57053,45838,49463,6928,0.8669658037263597,1.0,False,500,doc_id,-0.027539709751145836,-0.0302370820235546,-0.02470398412602714
2026,frustration,unframed_baseline,baseline,baseline,-0.03193893891862642,0.2774162889527178,0.09589017793158418,0.04868590431949807,26048,4126,3276,3851,3276,31823,26048,27915,3851,0.8771957389309619,1.0,False,500,doc_id,-0.03189030049678285,-0.0356022994442321,-0.028374046869497307
2014,loneliness,unframed_baseline,baseline,baseline,-0.023086317723006355,0.27721740927091587,0.02526659588223358,-0.008307409950403709,20182,3538,2621,3209,2621,25707,20182,21728,3209,0.8452172560003112,1.0,False,500,doc_id,-0.023022103035556747,-0.027308208588754327,-0.019001496727850828
2015,loneliness,unframed_baseline,baseline,baseline,-0.01761893738849809,0.2861242406396651,0.022516801087461485,-0.007034393718233123,17323,3143,2265,2759,2265,21794,17323,18659,2759,0.8561530696521978,1.0,False,500,doc_id,-0.0175468070542993,-0.022108599706727235,-0.012741234854404544
2016,loneliness,unframed_baseline,baseline,baseline,-0.022644245228455755,0.2811273657797517,0.01985447953076672,-0.010867961710295807,22724,3704,2884,3561,2884,28612,22724,24459,3561,0.854851111421781,1.0,False,500,doc_id,-0.022789510650131448,-0.026667520155627313,-0.018965928634922635
2017,loneliness,unframed_baseline,baseline,baseline,-0.02564531598772321,0.2813498320106321,0.01680100051153274,-0.010614727608816965,20480,3462,2691,3256,2691,25980,20480,22038,3256,0.8482678983833718,1.0,False,500,doc_id,-0.025790159513490955,-0.029687685517562717,-0.021874254604519937
2018,loneliness,unframed_baseline,baseline,baseline,-0.02875145566780367,0.2833366480873431,0.021461092415193138,-0.0021889301288166908,21862,3617,2749,3430,2749,27465,21862,23411,3428,0.8523939559439286,0.9994169096209913,False,500,doc_id,-0.028765355343341268,-0.03279463839836194,-0.02514722369942333
2019,loneliness,unframed_baseline,baseline,baseline,-0.0272413271479958,0.2832749220990697,0.021707793596328583,-0.00019677661506693327,20109,3432,2523,3142,2523,25202,20109,21658,3142,0.8593762399809539,1.0,False,500,doc_id,-0.027149361908427042,-0.031683539533780496,-0.02278685434698414
2020,loneliness,unframed_baseline,baseline,baseline,-0.025514587645740473,0.28435627165791255,0.017248044874216214,0.00020210839985562322,28365,4010,3445,4381,3445,35367,28365,30492,4380,0.8621596403426923,0.9997717416115042,False,500,doc_id,-0.02555775046506616,-0.02937181244488563,-0.021891203575483787
2021,loneliness,unframed_baseline,baseline,baseline,-0.024558377211911956,0.27935265081592253,0.018034524528844773,-0.0027625638517239726,24825,3652,3024,3852,3024,31279,24825,26614,3852,0.8508584034016433,1.0,False,500,doc_id,-0.024571250467452684,-0.028384457481335758,-0.020673706707139593
2022,loneliness,unframed_baseline,baseline,baseline,-0.029119128176646303,0.280484875595897,0.028891821402302644,0.00459413668272815,19034,3207,2372,2955,2372,23846,19034,20524,2955,0.8606894238027342,1.0,False,500,doc_id,-0.02929072362842688,-0.033077929516767975,-0.02526030554763634
2023,loneliness,unframed_baseline,baseline,baseline,-0.024330567621988812,0.2849019085419968,0.02341267894614789,-0.0002573047641672183,16838,2813,1985,2588,1985,20934,16838,18036,2588,0.8615649183147034,1.0,False,500,doc_id,-0.024372360153345804,-0.029007069529786267,-0.02007986449513013
2024,loneliness,unframed_baseline,baseline,baseline,-0.02457723132432291,0.28698251301827704,0.03791537256404212,0.014341015604536643,14544,2566,1733,2207,1733,17977,14544,15438,2207,0.8587639761918007,1.0,False,500,doc_id,-0.024448527163930374,-0.02962271418380568,-0.019103033476923884
2025,loneliness,unframed_baseline,baseline,baseline,-0.011829467894368978,0.2938049482825803,0.03821618386665451,0.016210680478317682,12536,2315,1566,1993,1566,15700,12536,13336,1993,0.8494267515923567,1.0,False,500,doc_id,-0.011894724137738169,-0.01746779506898687,-0.0066546337442881034
2026,loneliness,unframed_baseline,baseline,baseline,-0.025306848177388205,0.2974517924065006,0.06938266142346831,0.029561972303104894,4759,1405,573,719,573,5785,4759,5067,719,0.875885911840968,1.0,False,500,doc_id,-0.025084236808858046,-0.034423381233722496,-0.016401985634198823
2014,sadness,unframed_baseline,baseline,baseline,-0.015118028131996614,0.2811677606270051,0.04332664587409255,0.009572019495648051,38773,4627,5212,6174,5212,48952,38773,41403,6174,0.8457877104101977,1.0,False,500,doc_id,-0.015121597903096905,-0.018199593786660105,-0.012170216798484654
2015,sadness,unframed_baseline,baseline,baseline,-0.010098402303258225,0.28311687097167626,0.03971172950730048,0.0077282230753949,30921,4166,4144,4936,4145,39014,30921,33180,4935,0.8504639360229661,0.9997974068071313,False,500,doc_id,-0.010232187774578884,-0.013527072034097039,-0.006666410072744057
2016,sadness,unframed_baseline,baseline,baseline,-0.009964638221381265,0.283332424983742,0.03821199463891517,0.010362997098707033,37750,4630,5056,6011,5057,47627,37750,40361,6009,0.8474394776072396,0.9996672766594576,False,500,doc_id,-0.009959067916543905,-0.013186462539628555,-0.006922993512933693
2017,sadness,unframed_baseline,baseline,baseline,-0.005642127946522808,0.2850813108280211,0.03652351452249717,0.013087865017004808,34108,4298,4647,5397,4647,42761,34108,36376,5396,0.8506816959378873,0.9998147118769687,False,500,doc_id,-0.005606691562423543,-0.008924281992234242,-0.002204893495635385
2018,sadness,unframed_baseline,baseline,baseline,-0.008918165216003304,0.28240809878737627,0.05332666309869206,0.019497913204322884,35501,4379,4791,5569,4791,44473,35501,37830,5567,0.8506284712072494,0.9996408690967857,False,500,doc_id,-0.009018452671911611,-0.012421138104770163,-0.005653887826121088
2019,sadness,unframed_baseline,baseline,baseline,-0.0010131814536340831,0.2893345340850399,0.032283068671679196,0.010094924394319131,28500,3960,3858,4490,3859,35548,28500,30342,4489,0.8535501294024981,0.9997772828507795,False,500,doc_id,-0.0009756300240068552,-0.004764212054354731,0.002921569868241217
2020,sadness,unframed_baseline,baseline,baseline,-0.0022919800392481697,0.28830545962687576,0.024297705502865353,0.009501606841998793,32249,4124,4367,5091,4368,40407,32249,34530,5090,0.8545549038532927,0.9998035749361619,False,500,doc_id,-0.0023560963871312283,-0.005812804761141144,0.0012557599490798591
2021,sadness,unframed_baseline,baseline,baseline,-0.0011631779754505466,0.2918886888647396,0.02653061658836888,0.011820070602543196,26547,3626,3607,4219,3607,33305,26547,28356,4218,0.8514036931391683,0.9997629770087698,False,500,doc_id,-0.0010285322857952954,-0.005136781278903178,0.0033136530776909047
2022,sadness,unframed_baseline,baseline,baseline,-0.0046799041134918985,0.286507212427822,0.029103560179590718,0.00872802518985725,24235,3370,3229,3768,3229,30245,24235,25781,3768,0.8524053562572326,1.0,False,500,doc_id,-0.004586918459670491,-0.008789053344777815,-0.0006476431802514733
2023,sadness,unframed_baseline,baseline,baseline,0.0023960065818353663,0.2968522251141502,0.021482342563001366,0.0034690743210560007,17031,2807,2288,2698,2288,21326,17031,18062,2698,0.8469473881646816,1.0,False,500,doc_id,0.0023934782345129777,-0.0026930350991518884,0.007564940733214587
2024,sadness,unframed_baseline,baseline,baseline,0.013310240985252854,0.29976025289635005,0.02293950052795242,0.009643639868641564,14747,2536,1948,2341,1949,18322,14747,15587,2339,0.8507259032856676,0.9991456642460487,False,500,doc_id,0.013346447852424287,0.007326982565476786,0.019775005338467423
2025,sadness,unframed_baseline,baseline,baseline,0.006096346614022495,0.30510221937315624,0.030819781446917126,0.01103017548057749,11940,2150,1581,1921,1581,14872,11940,12650,1921,0.8505917159763313,1.0,False,500,doc_id,0.006341153293412079,0.00014225113393687107,0.01258257316307925
2026,sadness,unframed_baseline,baseline,baseline,0.010268602198865997,0.30874556926359803,0.028824413981468677,0.007649116074309686,4132,1169,550,657,550,5145,4132,4408,657,0.856754130223518,1.0,False,500,doc_id,0.010366173247084392,-0.00020119225159886232,0.021004334460485732
