year,term_group,matched_term,candidate_hits,validated_hits_wet,validated_hits_warc,primary_salience_per_million_tokens,warc_over_wet_validation_rate,analysis_unit,warc_share_within_group
2014,adhd,adhd,8945.0,3167.0,1070.0,0.3110919505863732,0.3378591727186611,ADHD,0.7328767123287672
2015,adhd,adhd,6286.0,2561.0,774.0,0.2259129676940921,0.3022256930886372,ADHD,0.7315689981096408
2016,adhd,adhd,14603.0,3924.0,1272.0,0.2227828605450967,0.3241590214067278,ADHD,0.7544483985765125
2017,adhd,adhd,6753.0,3226.0,995.0,0.2150547578033033,0.3084314941103533,ADHD,0.7659738260200154
2018,adhd,adhd,6998.0,3874.0,1067.0,0.2471689193792936,0.2754259163655136,ADHD,0.7956748695003728
2019,adhd,adhd,6747.0,4365.0,1563.0,0.3820290657020714,0.3580756013745704,ADHD,0.8132154006243496
2020,adhd,adhd,7730.0,4908.0,1445.0,0.2684059710911883,0.2944172779136104,ADHD,0.8219567690557452
2021,adhd,adhd,6680.0,4426.0,1373.0,0.2838171173251286,0.3102123813827384,ADHD,0.8291062801932367
2022,adhd,adhd,5860.0,3878.0,1285.0,0.3198404317927668,0.3313563692625064,ADHD,0.8409685863874345
2023,adhd,adhd,5339.0,3406.0,1146.0,0.3203577480706149,0.3364650616559013,ADHD,0.821505376344086
2024,adhd,adhd,4595.0,2829.0,862.0,0.3082315244995287,0.304701307882644,ADHD,0.8116760828625236
2025,adhd,adhd,4315.0,2701.0,843.0,0.3293706717856177,0.3121066271751203,ADHD,0.8489425981873112
2026,adhd,adhd,4474.0,2481.0,804.0,0.3970567257565449,0.3240628778718258,ADHD,0.8516949152542372
2014,adhd,attention_deficit,2792.0,1183.0,390.0,0.113388654886622,0.3296703296703296,ADHD,0.2671232876712329
2015,adhd,attention_deficit,2668.0,995.0,284.0,0.0828931302650157,0.2854271356783919,ADHD,0.2684310018903592
2016,adhd,attention_deficit,3758.0,1319.0,414.0,0.0725095159321305,0.313874147081122,ADHD,0.24555160142348753
2017,adhd,attention_deficit,1747.0,867.0,304.0,0.065705172233371,0.3506343713956171,ADHD,0.2340261739799846
2018,adhd,attention_deficit,1339.0,768.0,274.0,0.0634716812651607,0.3567708333333333,ADHD,0.20432513049962714
2019,adhd,attention_deficit,1472.0,970.0,359.0,0.087746919121589,0.3701030927835051,ADHD,0.18678459937565037
2020,adhd,attention_deficit,1729.0,1061.0,313.0,0.0581391480633508,0.295004712535344,ADHD,0.17804323094425484
2021,adhd,attention_deficit,1387.0,843.0,283.0,0.0584998136948371,0.3357058125741399,ADHD,0.1708937198067633
2022,adhd,attention_deficit,1275.0,764.0,243.0,0.0604834435219006,0.3180628272251309,ADHD,0.15903141361256545
2023,adhd,attention_deficit,1046.0,646.0,249.0,0.0696065264132487,0.3854489164086687,ADHD,0.17849462365591398
2024,adhd,attention_deficit,809.0,509.0,200.0,0.0715154349186841,0.3929273084479371,ADHD,0.18832391713747645
2025,adhd,attention_deficit,570.0,380.0,150.0,0.0586068811006437,0.3947368421052631,ADHD,0.1510574018126888
2026,adhd,attention_deficit,520.0,334.0,140.0,0.0691392308531297,0.4191616766467065,ADHD,0.1483050847457627
2014,autism,asd,535.0,299.0,208.0,0.060473949272865,0.6956521739130435,Autism,0.053007135575942915
2015,autism,asd,391.0,215.0,131.0,0.0382359157208347,0.6093023255813953,Autism,0.04049459041731066
2016,autism,asd,371.0,246.0,168.0,0.0294241513927486,0.6829268292682927,Autism,0.03418803418803419
2017,autism,asd,423.0,239.0,147.0,0.0317719089417945,0.6150627615062761,Autism,0.045454545454545456
2018,autism,asd,416.0,248.0,147.0,0.0340523253502869,0.592741935483871,Autism,0.04457246816252274
2019,autism,asd,424.0,253.0,143.0,0.0349521154161204,0.5652173913043478,Autism,0.03420234393685721
2020,autism,asd,581.0,379.0,162.0,0.0300911884545138,0.4274406332453825,Autism,0.04266526204898604
2021,autism,asd,542.0,382.0,193.0,0.0398956326611433,0.5052356020942408,Autism,0.052876712328767124
2022,autism,asd,518.0,330.0,156.0,0.0388288773227016,0.4727272727272727,Autism,0.0533515731874145
2023,autism,asd,438.0,257.0,114.0,0.031868048237391,0.4435797665369649,Autism,0.04672131147540984
2024,autism,asd,333.0,199.0,96.0,0.0343274087609683,0.4824120603015075,Autism,0.05042016806722689
2025,autism,asd,313.0,212.0,91.0,0.0355548412010571,0.4292452830188679,Autism,0.0441747572815534
2026,autism,asd,271.0,189.0,84.0,0.0414835385118778,0.4444444444444444,Autism,0.055299539170506916
2014,autism,autism,15795.0,7711.0,2431.0,0.7067892821266105,0.3152639087018545,Autism,0.6195208970438328
2015,autism,autism,13619.0,6346.0,1987.0,0.579960034635867,0.3131106208635361,Autism,0.6142194744976817
2016,autism,autism,25497.0,9587.0,3071.0,0.5378664817091131,0.320329613017628,Autism,0.6249491249491249
2017,autism,autism,13099.0,6582.0,2090.0,0.4517230591044261,0.3175326648435126,Autism,0.6462585034013606
2018,autism,autism,12025.0,6806.0,2062.0,0.4776591487910998,0.3029679694387305,Autism,0.6252274105518496
2019,autism,autism,10671.0,7127.0,2680.0,0.6550466385678513,0.3760347972498947,Autism,0.6409949772781631
2020,autism,autism,12953.0,7962.0,2402.0,0.4461668806650757,0.3016829942225571,Autism,0.632604687911509
2021,autism,autism,11963.0,7287.0,2222.0,0.45931655840964,0.3049265815836421,Autism,0.6087671232876712
2022,autism,autism,10231.0,6140.0,1802.0,0.4485233136891563,0.2934853420195439,Autism,0.6162790697674418
2023,autism,autism,9116.0,5210.0,1515.0,0.4235095884179595,0.2907869481765835,Autism,0.6209016393442623
2024,autism,autism,6498.0,3959.0,1172.0,0.4190804486234891,0.2960343521091184,Autism,0.615546218487395
2025,autism,autism,6343.0,3809.0,1352.0,0.5282433549871355,0.3549488054607508,Autism,0.6563106796116505
2026,autism,autism,4420.0,2682.0,920.0,0.4543435170348524,0.343027591349739,Autism,0.6056616194865043
2014,autism,autism_spectrum,2521.0,1024.0,554.0,0.1610700379671502,0.541015625,Autism,0.14118246687054026
2015,autism,autism_spectrum,2444.0,942.0,461.0,0.134555398071029,0.4893842887473461,Autism,0.14250386398763523
2016,autism,autism_spectrum,2270.0,1108.0,599.0,0.104911111215812,0.5406137184115524,Autism,0.1218966218966219
2017,autism,autism_spectrum,1799.0,851.0,404.0,0.0873187157311905,0.4747356051703877,Autism,0.12492269635126778
2018,autism,autism_spectrum,1437.0,930.0,447.0,0.1035468668814847,0.4806451612903226,Autism,0.13553668890236506
2019,autism,autism_spectrum,1880.0,1257.0,719.0,0.1757382586307033,0.5719968178202068,Autism,0.17196842860559675
2020,autism,autism_spectrum,2284.0,1338.0,585.0,0.1086626249746333,0.437219730941704,Autism,0.1540690018435607
2021,autism,autism_spectrum,2185.0,1223.0,577.0,0.1192734717382368,0.4717906786590352,Autism,0.15808219178082192
2022,autism,autism_spectrum,1700.0,1010.0,465.0,0.1157399227888222,0.4603960396039604,Autism,0.15902872777017785
2023,autism,autism_spectrum,1503.0,904.0,424.0,0.1185267759004718,0.4690265486725664,Autism,0.1737704918032787
2024,autism,autism_spectrum,1063.0,658.0,308.0,0.1101337697747735,0.4680851063829787,Autism,0.16176470588235295
2025,autism,autism_spectrum,920.0,594.0,290.0,0.1133066367945778,0.4882154882154882,Autism,0.1407766990291262
2026,autism,autism_spectrum,789.0,554.0,255.0,0.1259321704824862,0.4602888086642599,Autism,0.16787360105332455
2014,autism,autistic,3254.0,1620.0,731.0,0.2125310428772325,0.4512345679012345,Autism,0.186289500509684
2015,autism,autistic,2303.0,1284.0,656.0,0.1914714558234166,0.5109034267912772,Autism,0.20278207109737248
2016,autism,autistic,5435.0,2788.0,1076.0,0.1884546839202233,0.3859397417503586,Autism,0.21896621896621896
2017,autism,autistic,2831.0,1532.0,593.0,0.1281683129420692,0.3870757180156658,Autism,0.18336425479282623
2018,autism,autistic,2267.0,1349.0,642.0,0.1487183188767633,0.4759080800593032,Autism,0.19466343238326259
2019,autism,autistic,1958.0,1348.0,639.0,0.1561846276286779,0.4740356083086053,Autism,0.15283425017938293
2020,autism,autistic,2504.0,1499.0,648.0,0.1203647538180553,0.4322881921280854,Autism,0.17066104819594416
2021,autism,autistic,2302.0,1481.0,658.0,0.1360172346685612,0.4442943956785955,Autism,0.18027397260273972
2022,autism,autistic,1913.0,1168.0,501.0,0.1247004329402149,0.4289383561643836,Autism,0.1713406292749658
2023,autism,autistic,1435.0,861.0,387.0,0.1081836374374589,0.4494773519163763,Autism,0.15860655737704918
2024,autism,autistic,1033.0,682.0,328.0,0.1172853132666419,0.4809384164222874,Autism,0.1722689075630252
2025,autism,autistic,1041.0,684.0,327.0,0.1277630007994033,0.4780701754385965,Autism,0.1587378640776699
2026,autism,autistic,785.0,535.0,260.0,0.1284014287272409,0.4859813084112149,Autism,0.17116524028966426
