analysis_unit,frame_stratum,frame_label,period,period_order,period_start,period_end,rank,lsc_year,doc_id,registered_domain,raw_form,context_source,context_token_count,avg_distance_to_cell_contexts,distance_percentile_in_cell,distance_z_in_cell,cell_breadth_mean_pairwise_distance,cell_contexts,cell_documents,cell_domains,content_word_hints,snippet
ADHD,substantive_core_overall,Overall,2014-2017,1,2014,2017,1,2016,36367539aa8db7be,kuscco.com,adhd,target_sentence,33,0.5966533500029378,1.0,7.285519271211168,0.13690831885309318,6220,4254,3177,"high, recovered, dairy, prior, liquid, acu, rite, meridia","Although a higher <t>adhd</t> of the recovered dairy from prior others was liquid to 4 acu-rite; meridia of malaria at the online reduction discoloration, this does properly infer crevicular or scientific doxycycline."
ADHD,substantive_core_overall,Overall,2014-2017,1,2014,2017,2,2016,80b8d3c69882904e,criminal-record-check.life,adhd,target_sentence,49,0.4679327278959884,0.99983922829582,5.245700438113623,0.13690831885309318,6220,4254,3177,"tell, prince, likely, possess, bed, census, deliver, mountain","He tells the prince's <t>adhd</t> that he is the likely one who possesses his bed's census, delivered on his mountain check, of casting a franchise bone and persuades them to take him with them as he is the social search left apparently who can make it often."
ADHD,substantive_core_overall,Overall,2014-2017,1,2014,2017,3,2015,2ac9fd2ba3f1f4a0,illinoistimes.com,adhd,target_sentence,28,0.4327756772906538,0.9995980707395499,4.6885712635720305,0.13690831885309318,6220,4254,3177,"production, form, productions, local, actor, jason, goodreau, mac","It’s the first production of the just-formed <t>ADHD</t> Productions, and local actors Jason Goodreau and Mac Warren are performing this must-see play by Richard Dresser."
ADHD,substantive_core_overall,Overall,2014-2017,1,2014,2017,4,2014,5a02a2c8b3617909,illinoistimes.com,adhd,target_sentence,28,0.4327756772906538,0.9995980707395499,4.6885712635720305,0.13690831885309318,6220,4254,3177,"production, form, productions, local, actor, jason, goodreau, mac","It’s the first production of the just-formed <t>ADHD</t> Productions, and local actors Jason Goodreau and Mac Warren are performing this must-see play by Richard Dresser."
ADHD,substantive_core_overall,Overall,2014-2017,1,2014,2017,5,2017,7203541365cd664e,additudemag.com,adhd,target_sentence,73,0.4209991463837932,0.9993569131832798,4.501950121293752,0.13690831885309318,6220,4254,3177,"text, buy, thing, middle, world, completely, google, ads",To me the world itself seems to have gone completely <t>ADHD</t> whenever: - Google Ads suggest I buy things I just bought - The phone rings in the middle of a text conversation - I get a text while I’m in the middle of writing another text - I go to Facebook ...
ADHD,substantive_core_overall,Overall,2014-2017,1,2014,2017,6,2014,85efe696f8e2bc12,thewrap.com,adhd,target_sentence,21,0.4131197812506606,0.9991961414790996,4.377086854411295,0.13690831885309318,6220,4254,3177,"network, order, traditional, half, hour, studio, premiere, primetime","The network has also ordered two traditional half-hour shows from the <t>ADHD</t> studio, which will premiere in primetime in 2015."
ADHD,substantive_core_overall,Overall,2014-2017,1,2014,2017,7,2014,612af73ee3c56e54,wikia.com,adhd,target_sentence,24,0.4131174852719579,0.9990353697749196,4.37705047033762,0.13690831885309318,6220,4254,3177,"plugin, edit, architecture, great, joy, acrobat, star, splash",edit Plugin Architecture One of the great joys of Acrobat is staring at the splash screen waiting for countless plugins to load (see <t>ADHD</t>).
ADHD,substantive_core_overall,Overall,2014-2017,1,2014,2017,8,2017,8257571c03571573,theinscribermag.com,adhd,target_sentence,10,0.41296821768110525,0.9988745980707395,4.374685046382946,0.13690831885309318,6220,4254,3177,"problem, company","However, problem has always been that this company has <t>ADHD</t>."
ADHD,substantive_core_overall,Overall,2014-2017,1,2014,2017,9,2016,76d4d3f5e6a0509f,healthyplace.com,adhd,target_sentence,23,0.40941650331807367,0.9987138263665595,4.318401494230165,0.13690831885309318,6220,4254,3177,"article, different, types, educational, assessment, tests, parent, advocate","next: Different Types of Educational Assessment Tests ~ back to Parent Advocate homepage ~ <t>adhd</t> library articles ~ all add/adhd articles APA Reference Staff, H."
ADHD,substantive_core_overall,Overall,2014-2017,1,2014,2017,10,2014,6b893a4bd106a0a4,issuu.com,attention_deficit,target_sentence,18,0.40592308253827536,0.9985530546623794,4.263041712853051,0.13690831885309318,6220,4254,3177,"lead, ail, society, overabundance, health, information, medical, guru",This <t>attention deficit</t> has led to an ailing society with an overabundance of health information and medical gurus.
ADHD,substantive_core_overall,Overall,2018-2021,2,2018,2021,1,2021,693a603488c63966,totallywiredmag.com,adhd,target_sentence_plus_adjacent,60,0.5257024700984011,1.0,6.209322319193285,0.12737463180238962,5626,3937,3426,"track, kind, push, direction, far, away, actually, album","... that direction was “Far Away,” and although it’s not actually on the album, it really showed me the type of vibe it could be. “<t>ADHD</t>” was written after finally being diagnosed. It started mostly as a joke song, but it’s also just a good introduction to w ..."
ADHD,substantive_core_overall,Overall,2018-2021,2,2018,2021,2,2020,51e985580050498b,somehell.com,adhd,target_sentence,18,0.5206878981526046,0.9998222538215429,6.1311528052636675,0.12737463180238962,5626,3937,3426,"opportunity, advantage, rely, cbd, cost, gas, relieve, actually",The opportunity advantages relying on CBD the cost of gas to relieve also have <t>ADHD</t> are actually massive.
ADHD,substantive_core_overall,Overall,2018-2021,2,2018,2021,3,2018,fa55aaa2ba7b0d0c,powellpediatrics.com,attention_deficit,target_sentence,59,0.4590611726512579,0.9996445076430857,5.170486325734457,0.12737463180238962,5626,3937,3426,"behavior, form, disorder, patient, assessment, like, evaluation, child",... fill out these forms in advance: Behavior Patient Assessment Form – Parents Behavior Patient Assessment Form – Teachers <t>Attention Deficit</t> Disorder Attention deficit hyperactivity disorder (ADHD) and attention deficit disorder (ADD) have symptoms that ma ...
ADHD,substantive_core_overall,Overall,2018-2021,2,2018,2021,4,2018,0d5b8c4b4004b225,ementalhealth.ca,attention_deficit,target_sentence,38,0.45717487261472944,0.9994667614646285,5.141081790596726,0.12737463180238962,5626,3937,3426,"disorder, problem, disorders, condition, individual, extreme, inattention, distractibility","<t>Attention Deficit</t> Disorders (ADD/ADHD) Attention deficit hyperactivity disorder (ADHD) and attention-deficit disorder (ADD) are conditions where individuals have extreme problems with inattention and distractibility, to the point that it causes problems ..."
ADHD,substantive_core_overall,Overall,2018-2021,2,2018,2021,5,2020,e251db7d1773ee21,americansportsinstitute.org,attention_deficit,target_sentence,59,0.4486883662237193,0.9992890152861713,5.008790124086298,0.12737463180238962,5626,3937,3426,"help, prevent, disease, disorder, irrefutable, overwhelming, body, research","... stroke, and other chronic diseases, it also helps prevent dementia, insomnia, depression, and anxiety, and serves as an effective measure for reducing the symptoms of <t>attention deficit</t> disorder (ADD) and attention deficit hyperactivity disorder (ADHD)."
ADHD,substantive_core_overall,Overall,2018-2021,2,2018,2021,6,2021,a180167720d52f07,mgmacademy.net,attention_deficit,target_sentence,67,0.42155470457981736,0.9991112691077142,4.585817801670523,0.12737463180238962,5626,3937,3426,"disabilities, behavior, support, wide, array, special, need, include","- We support a wide array of special needs, including: - <t>Attention Deficit</t> Disorder (ADHD/ADD) - Autism - Dyslexia and other reading disabilities - Speech and language communication - Health Impairments - Emotional Behavioral Disabilities - Developmenta ..."
ADHD,substantive_core_overall,Overall,2018-2021,2,2018,2021,7,2018,7f816fe2cd1155e0,mipitvi.cf,attention_deficit,target_sentence,34,0.4181619963023989,0.998933522929257,4.532930663981113,0.12737463180238962,5626,3937,3426,"relate, book, disorder, act, impulsively, daydream, trouble, focus","Related Books If you have <t>attention deficit</t> disorder (ADD), you may act impulsively, daydream, and have trouble focusing, but clinical studies suggest that these same symptoms may make you exceptionally creative, intuitive, and energetic."
ADHD,substantive_core_overall,Overall,2018-2021,2,2018,2021,8,2020,5e3dd4256c94545e,scientifictimes.org,attention_deficit,target_sentence,109,0.4085285336204594,0.9987557767507999,4.382759701544814,0.12737463180238962,5626,3937,3426,"asd, age, usually, disorder, onset, population, appear, early","... females and both sexes are affected and maybe he or she undergo in combination with other situation such as: deafness, <t>Attention Deficit</t> Disorder, Down Syndrome, cognitive disabilities, blindness, Cerebral Palsy, Epilepsy, etc the experts says there ar ..."
ADHD,substantive_core_overall,Overall,2018-2021,2,2018,2021,9,2019,bfe38e34668b87cd,stateuniversity.com,attention_deficit,target_sentence,16,0.4016031492163912,0.9985780305723427,4.274803541279617,0.12737463180238962,5626,3937,3426,"disorder, category, include, psychiatric, disability","This last category includes <t>attention deficit</t> disorder (ADD), attention deficit hyperactivity disorder (ADHD), and psychiatric disabilities."
ADHD,substantive_core_overall,Overall,2018-2021,2,2018,2021,10,2018,b34ea2e1582361b2,livejournal.com,adhd,target_sentence,11,0.39516206613596727,0.9984002843938855,4.174396898595173,0.12737463180238962,5626,3937,3426,"moi, hear, pretty","except what moi heard was, ""That's pretty <t>ADHD</t> of you!"
ADHD,substantive_core_overall,Overall,2022-2026,3,2022,2026,1,2023,e1b76dc6e2a7880d,networthdetail.com,adhd,target_sentence,26,0.5891652412918174,1.0,7.3660710756291365,0.11972828727772844,4883,3253,2897,"album, title, base, personal, life, diagnose, kid",One of his albums is also titled <t>ADHD</t> which is based on his personal life since he was diagnosed with ADHD when he was a kid.
ADHD,substantive_core_overall,Overall,2022-2026,3,2022,2026,2,2025,fa7b54c62a9884d5,kissfmdetroit.com,adhd,target_sentence,25,0.48155075066003883,0.999795207864018,5.677460965191355,0.11972828727772844,4883,3253,2897,"build, momentum, steamy, collaboration, come, heel, lucas, july","Building on Momentum This steamy collaboration comes on the heels of Lucas’s July release, <t>ADHD</t> 2, the follow-up to his 2020 debut, ADHD."
ADHD,substantive_core_overall,Overall,2022-2026,3,2022,2026,3,2024,9cd77139c0a6d4b6,bazenationz.com.ng,adhd,target_sentence,57,0.44323441586097234,0.9995904157280361,5.076228269141067,0.11972828727772844,4883,3253,2897,"joyner, lucas, ill, release, music, artist, producer, productions","Artist: Joyner Lucas Producer: <t>ADHD</t> Productions and Leo Son Album: Not Now I'm Busy Released: 2024 Duration: 03:13 Joyner Lucas I’m Ill MP3 Download Popular songwriter and music sensation, Joyner Lucas, releases a new track titled “I’m Ill” The song “I’ ..."
ADHD,substantive_core_overall,Overall,2022-2026,3,2022,2026,4,2022,e495c96bf3f60dcc,naturalcures.com,attention_deficit,target_sentence,25,0.4392994211328606,0.9993856235920541,5.014483128283181,0.11972828727772844,4883,3253,2897,"disorder, condition, category, include, polar, manic, depression, dementia","Conditions in this category include <t>attention deficit</t> disorder (ADD), attention deficit hyperactivity disorder (ADHD), bi-polar disorder (manic depression), dementia, multiple personalities, psychosis, and schizophrenia."
ADHD,substantive_core_overall,Overall,2022-2026,3,2022,2026,5,2026,075ec024bf5d7436,iratechsolutions.com,adhd,target_sentence,56,0.4324993624580493,0.9991808314560721,4.907781440039854,0.11972828727772844,4883,3253,2897,"titration, testing, center, overview, founded, date, august, sectors",... ation Testing Center Tricks The Celebs Are Using Titration Testing Center: A Comprehensive Insight Titration What Is Titration <t>ADHD</t> a crucial analytical strategy made use of in chemistry and biology to figure out the concentration of a determined analyt ...
ADHD,substantive_core_overall,Overall,2022-2026,3,2022,2026,6,2024,9cd77139c0a6d4b6,bazenationz.com.ng,adhd,target_sentence,22,0.42622473742990696,0.9989760393200902,4.80932448317908,0.11972828727772844,4883,3253,2897,"conclude, amazing, record, ill, joyner, lucas, produce, renowned","To conclude, the amazing record “I’m Ill” by Joyner Lucas was produced by renowned music producers, <t>ADHD</t> Productions and Leo Son."
ADHD,substantive_core_overall,Overall,2022-2026,3,2022,2026,7,2024,14f956548d465c28,bridgingthegapsdyslexiacenter.com,attention_deficit,target_sentence,82,0.41418234148695277,0.9987712471841081,4.620363764006541,0.11972828727772844,4883,3253,2897,"disorder, struggle, learning, problem, processing, program, address, central",Among the learning problems our program addresses are: - <t>attention deficit</t> disorder (ADD) - attention deficit hyperactivity disorder (ADHD) - central auditory processing disorder - reading struggles - math struggles - memory challenges - moderate focus ...
ADHD,substantive_core_overall,Overall,2022-2026,3,2022,2026,8,2022,684ed37558a80e8d,bipamerica.us,adhd,target_sentence,26,0.4097325155224901,0.9985664550481261,4.550540257254178,0.11972828727772844,4883,3253,2897,"finding, small, study, united, states, australia, recover, summation",The findings <t>adhd</t> to 3 smaller studies from the United States and Australia — each of which recovered an summation successful eating upset hospitalizations during the pandemic.
ADHD,substantive_core_overall,Overall,2022-2026,3,2022,2026,9,2023,1e1b3e46a239a73c,personiv.com,adhd,target_sentence,10,0.40253243077216583,0.9983616629121441,4.437561644113614,0.11972828727772844,4883,3253,2897,"entrepreneur, pretty",And entrepreneurs are pretty <t>ADHD</t> if I might say that.
ADHD,substantive_core_overall,Overall,2022-2026,3,2022,2026,10,2023,fdb83f831c105258,optimizeyourself.me,adhd,target_sentence,16,0.3992258486130337,0.9981568707761622,4.385677106704904,0.11972828727772844,4883,3253,2897,route,"So you and I have that whole same <t>ADHD</t> like just going down these routes, right."
ADHD,clinical_only,Clinical,2014-2017,1,2014,2017,1,2016,36367539aa8db7be,kuscco.com,adhd,target_sentence,33,0.5913534904134727,1.0,7.69826933137084,0.15029271078652628,4495,3123,2340,"high, recovered, dairy, prior, liquid, acu, rite, meridia","Although a higher <t>adhd</t> of the recovered dairy from prior others was liquid to 4 acu-rite; meridia of malaria at the online reduction discoloration, this does properly infer crevicular or scientific doxycycline."
ADHD,clinical_only,Clinical,2014-2017,1,2014,2017,2,2015,2ac9fd2ba3f1f4a0,illinoistimes.com,adhd,target_sentence,28,0.4393245958860488,0.9996662958843159,5.044758907676896,0.15029271078652628,4495,3123,2340,"production, form, productions, local, actor, jason, goodreau, mac","It’s the first production of the just-formed <t>ADHD</t> Productions, and local actors Jason Goodreau and Mac Warren are performing this must-see play by Richard Dresser."
ADHD,clinical_only,Clinical,2014-2017,1,2014,2017,3,2014,5a02a2c8b3617909,illinoistimes.com,adhd,target_sentence,28,0.4393245958860488,0.9996662958843159,5.044758907676896,0.15029271078652628,4495,3123,2340,"production, form, productions, local, actor, jason, goodreau, mac","It’s the first production of the just-formed <t>ADHD</t> Productions, and local actors Jason Goodreau and Mac Warren are performing this must-see play by Richard Dresser."
ADHD,clinical_only,Clinical,2014-2017,1,2014,2017,4,2014,85efe696f8e2bc12,thewrap.com,adhd,target_sentence,21,0.41990021289944957,0.9993325917686318,4.705725969964738,0.15029271078652628,4495,3123,2340,"network, order, traditional, half, hour, studio, premiere, primetime","The network has also ordered two traditional half-hour shows from the <t>ADHD</t> studio, which will premiere in primetime in 2015."
ADHD,clinical_only,Clinical,2014-2017,1,2014,2017,5,2017,8257571c03571573,theinscribermag.com,adhd,target_sentence,10,0.4178576166753488,0.9991101223581758,4.670074521015529,0.15029271078652628,4495,3123,2340,"problem, company","However, problem has always been that this company has <t>ADHD</t>."
ADHD,clinical_only,Clinical,2014-2017,1,2014,2017,6,2014,612af73ee3c56e54,wikia.com,adhd,target_sentence,24,0.41752215788380875,0.9988876529477196,4.664219427463489,0.15029271078652628,4495,3123,2340,"plugin, edit, architecture, great, joy, acrobat, star, splash",edit Plugin Architecture One of the great joys of Acrobat is staring at the splash screen waiting for countless plugins to load (see <t>ADHD</t>).
ADHD,clinical_only,Clinical,2014-2017,1,2014,2017,7,2016,28b302756ccb5a82,psychcentral.com,attention_deficit,target_sentence_plus_adjacent,48,0.37948480372385707,0.9986651835372636,4.000315923679455,0.15029271078652628,4495,3123,2340,"disorder, refer, impulsivity, present, begin, childhood, symptom, inattention",ADHD is also referred to as <t>attention deficit</t> disorder (ADD) when hyperactivity or impulsivity is not present. Attention deficit disorder begins in childhood. The symptoms of inattention and hyperactivity need to show themselves in a manner and degree w ...
ADHD,clinical_only,Clinical,2014-2017,1,2014,2017,8,2016,931407fc092d1519,dyslexianorthwest.com,attention_deficit,target_sentence,26,0.37436144568012064,0.9984427141268075,3.9108928964606497,0.15029271078652628,4495,3123,2340,"disorder, assessment, identify, sign, specific, learn, difficulty, autistic","The assessment may also identify signs of other specific learning difficulties such as autistic spectrum disorder, <t>attention deficit</t> disorder (ADD) or attention deficit hyperactivity disorder (ADHD)."
ADHD,clinical_only,Clinical,2014-2017,1,2014,2017,9,2017,ed3cccfb144c669d,mercola.com,attention_deficit,target_sentence,38,0.37388672130581246,0.9982202447163515,3.902607063168735,0.15029271078652628,4495,3123,2340,"food, disorder, mercola, censored, libary, natural, dyes, avoid","... ary 3 “Natural” Food Dyes to Avoid This article originally appeared on Naturally Savvy Digest Artificial food colors have been linked to attention problems, including <t>attention deficit</t> disorder (ADD), and attention deficit/hyperactivity disorder (ADHD)."
ADHD,clinical_only,Clinical,2014-2017,1,2014,2017,10,2015,c107dddb388ceeba,mirror.co.uk,adhd,target_sentence,25,0.36618097471001143,0.9979977753058954,3.768111058459487,0.15029271078652628,4495,3123,2340,"tony, lloyd, charity, foundation, drug, treatment, addition, behavioural","Dr Tony Lloyd, from the charity <t>ADHD</t> Foundation, said drug treatment should be used only in addition to behavioural therapies, as recommended by NHS guidelines."
ADHD,clinical_only,Clinical,2018-2021,2,2018,2021,1,2020,51e985580050498b,somehell.com,adhd,target_sentence,18,0.5229838026991451,1.0,6.447476773001869,0.13998470553174813,3886,2765,2450,"opportunity, advantage, rely, cbd, cost, gas, relieve, actually",The opportunity advantages relying on CBD the cost of gas to relieve also have <t>ADHD</t> are actually massive.
ADHD,clinical_only,Clinical,2018-2021,2,2018,2021,2,2018,fa55aaa2ba7b0d0c,powellpediatrics.com,attention_deficit,target_sentence,59,0.44355943478497684,0.9997426659804426,5.110432453252108,0.13998470553174813,3886,2765,2450,"behavior, form, disorder, patient, assessment, like, evaluation, child",... fill out these forms in advance: Behavior Patient Assessment Form – Parents Behavior Patient Assessment Form – Teachers <t>Attention Deficit</t> Disorder Attention deficit hyperactivity disorder (ADHD) and attention deficit disorder (ADD) have symptoms that ma ...
ADHD,clinical_only,Clinical,2018-2021,2,2018,2021,3,2018,0d5b8c4b4004b225,ementalhealth.ca,attention_deficit,target_sentence,38,0.4429276810775664,0.9994853319608852,5.099797395924528,0.13998470553174813,3886,2765,2450,"disorder, problem, disorders, condition, individual, extreme, inattention, distractibility","<t>Attention Deficit</t> Disorders (ADD/ADHD) Attention deficit hyperactivity disorder (ADHD) and attention-deficit disorder (ADD) are conditions where individuals have extreme problems with inattention and distractibility, to the point that it causes problems ..."
ADHD,clinical_only,Clinical,2018-2021,2,2018,2021,4,2020,e251db7d1773ee21,americansportsinstitute.org,attention_deficit,target_sentence,59,0.43467101769193395,0.9992279979413279,4.960803216055501,0.13998470553174813,3886,2765,2450,"help, prevent, disease, disorder, irrefutable, overwhelming, body, research","... stroke, and other chronic diseases, it also helps prevent dementia, insomnia, depression, and anxiety, and serves as an effective measure for reducing the symptoms of <t>attention deficit</t> disorder (ADD) and attention deficit hyperactivity disorder (ADHD)."
ADHD,clinical_only,Clinical,2018-2021,2,2018,2021,5,2021,a180167720d52f07,mgmacademy.net,attention_deficit,target_sentence,67,0.4088145944245143,0.9989706639217705,4.525531462982073,0.13998470553174813,3886,2765,2450,"disabilities, behavior, support, wide, array, special, need, include","- We support a wide array of special needs, including: - <t>Attention Deficit</t> Disorder (ADHD/ADD) - Autism - Dyslexia and other reading disabilities - Speech and language communication - Health Impairments - Emotional Behavioral Disabilities - Developmenta ..."
ADHD,clinical_only,Clinical,2018-2021,2,2018,2021,6,2021,c50209c2b2b3ea9e,animationisfilm.com,adhd,target_sentence,30,0.3961190864107006,0.9987133299022131,4.311812961696032,0.13998470553174813,3886,2765,2450,"fox, raye, graduate, tisch, school, arts, nyu, rodriguez","Raye graduated from Tisch School of the Arts at NYU, Rodriguez began his career as a director, storyboard artist and character designer at Fox Animation Domination High-Definition (Fox <t>ADHD</t>)."
ADHD,clinical_only,Clinical,2018-2021,2,2018,2021,7,2020,5e3dd4256c94545e,scientifictimes.org,attention_deficit,target_sentence,109,0.3926933533628346,0.9984559958826557,4.254143545710523,0.13998470553174813,3886,2765,2450,"asd, age, usually, disorder, onset, population, appear, early","... females and both sexes are affected and maybe he or she undergo in combination with other situation such as: deafness, <t>Attention Deficit</t> Disorder, Down Syndrome, cognitive disabilities, blindness, Cerebral Palsy, Epilepsy, etc the experts says there ar ..."
ADHD,clinical_only,Clinical,2018-2021,2,2018,2021,8,2021,14a8cbbcd9f7de94,smarteranalyst.com,adhd,target_sentence,26,0.3923143157717508,0.9981986618630982,4.247762757654672,0.13998470553174813,3886,2765,2450,"follow, review, believe, focus, commercial, effort, newly, expand","Following that review, we believe focusing commercial efforts on our newly expanded portfolio of <t>ADHD</t> and pedriatic products provides the best opportunity to increase shareholder value."
ADHD,clinical_only,Clinical,2018-2021,2,2018,2021,9,2019,bfe38e34668b87cd,stateuniversity.com,attention_deficit,target_sentence,16,0.38836866020400795,0.997941327843541,4.181340870983308,0.13998470553174813,3886,2765,2450,"disorder, category, include, psychiatric, disability","This last category includes <t>attention deficit</t> disorder (ADD), attention deficit hyperactivity disorder (ADHD), and psychiatric disabilities."
ADHD,clinical_only,Clinical,2018-2021,2,2018,2021,10,2019,9508867babb4fb1a,ptsdsolutionstherapy.com,attention_deficit,target_sentence,33,0.3772495753209367,0.9976839938239835,3.9941601646817877,0.13998470553174813,3886,2765,2450,"disorder, oppositional, defiant, odd, characterize, violent, outburst, resistance","” Oppositional defiant disorder or ODD is characterized by violent outbursts, resistance to rules, and a predilection for spiteful behaviors — along with <t>attention deficit</t> disorder (ADHD or ADD) and may include, Asperger’s syndrome."
ADHD,clinical_only,Clinical,2022-2026,3,2022,2026,1,2026,075ec024bf5d7436,iratechsolutions.com,adhd,target_sentence,56,0.4411089171722715,1.0,5.310399546340247,0.13573192749053098,3073,2118,1916,"titration, testing, center, overview, founded, date, august, sectors",... ation Testing Center Tricks The Celebs Are Using Titration Testing Center: A Comprehensive Insight Titration What Is Titration <t>ADHD</t> a crucial analytical strategy made use of in chemistry and biology to figure out the concentration of a determined analyt ...
ADHD,clinical_only,Clinical,2022-2026,3,2022,2026,2,2022,684ed37558a80e8d,bipamerica.us,adhd,target_sentence,26,0.420191441645978,0.9996745850959974,4.946651928482141,0.13573192749053098,3073,2118,1916,"finding, small, study, united, states, australia, recover, summation",The findings <t>adhd</t> to 3 smaller studies from the United States and Australia — each of which recovered an summation successful eating upset hospitalizations during the pandemic.
ADHD,clinical_only,Clinical,2022-2026,3,2022,2026,3,2022,e495c96bf3f60dcc,naturalcures.com,attention_deficit,target_sentence,25,0.41852119234237073,0.9993491701919948,4.917606874519841,0.13573192749053098,3073,2118,1916,"disorder, condition, category, include, polar, manic, depression, dementia","Conditions in this category include <t>attention deficit</t> disorder (ADD), attention deficit hyperactivity disorder (ADHD), bi-polar disorder (manic depression), dementia, multiple personalities, psychosis, and schizophrenia."
ADHD,clinical_only,Clinical,2022-2026,3,2022,2026,4,2023,1e1b3e46a239a73c,personiv.com,adhd,target_sentence,10,0.4181764620872084,0.9990237552879921,4.911612135385986,0.13573192749053098,3073,2118,1916,"entrepreneur, pretty",And entrepreneurs are pretty <t>ADHD</t> if I might say that.
ADHD,clinical_only,Clinical,2022-2026,3,2022,2026,5,2024,14f956548d465c28,bridgingthegapsdyslexiacenter.com,attention_deficit,target_sentence,82,0.39506150081036984,0.9986983403839896,4.509651005288647,0.13573192749053098,3073,2118,1916,"disorder, struggle, learning, problem, processing, program, address, central",Among the learning problems our program addresses are: - <t>attention deficit</t> disorder (ADD) - attention deficit hyperactivity disorder (ADHD) - central auditory processing disorder - reading struggles - math struggles - memory challenges - moderate focus ...
ADHD,clinical_only,Clinical,2022-2026,3,2022,2026,6,2023,81c33fb12c274ec7,medicalrepublic.com.au,adhd,target_sentence,39,0.37813296853314327,0.998372925479987,4.215269721948078,0.13573192749053098,3073,2118,1916,"professor, michael, kohn, director, australia, head, department, aya","Professor Michael Kohn, a director of <t>ADHD</t> Australia, and head of department for AYA Medicine at Westmead Hospital, said that while the results were reassuring, patients still needed to be monitored for effects on weight, growth and blood pressure."
ADHD,clinical_only,Clinical,2022-2026,3,2022,2026,7,2022,923d521803639a9d,herenowhelp.com,attention_deficit,target_sentence,41,0.3728954967976754,0.9980475105759844,4.124191911674997,0.13573192749053098,3073,2118,1916,"disorder, common, mental, health, student, depression, anxiety, autism","The most common mental health disorders among students are depression, <t>attention deficit</t> disorder or attention deficit hyperactivity disorder, anxiety, autism spectrum disorder, obsessive compulsive disorder, post-traumatic stress disorder, tourette syn ..."
ADHD,clinical_only,Clinical,2022-2026,3,2022,2026,8,2022,442654342d17d90d,siredmundhillary.notts.sch.uk,attention_deficit,target_sentence,65,0.37050790235467,0.9977220956719818,4.0826724754522665,0.13573192749053098,3073,2118,1916,"include, disorder, learning, use, principle, category, look, physical","... ning Difficulties such as dyslexia, dyscalculia, dyspraxia (developmental co-ordination disorder) as well as global delay; and Communication and Interaction, which can include autistic spectrum disorders (ASD) and <t>attention deficit</t> disorders ADD/ ADHD)."
ADHD,clinical_only,Clinical,2022-2026,3,2022,2026,9,2024,3895a7fc26a4acca,pete.news,adhd,target_sentence,13,0.3668822040155968,0.9973966807679792,4.019622843471,0.13573192749053098,3073,2118,1916,"likely, result, dopamine, risky",More likely it’s a result of <t>ADHD</t> dopamine from doing something risky.
ADHD,clinical_only,Clinical,2022-2026,3,2022,2026,10,2025,3f167e3acb029bce,ics.nhs.uk,attention_deficit,target_sentence,37,0.3665867822790808,0.9970712658639765,4.014485562311707,0.13573192749053098,3073,2118,1916,"nice, clinical, referral, disorder, current, criterion, diagnosis, find",For ADHD and <t>attention deficit</t> disorder (ADD) current NICE clinical criteria for diagnosis and referral can be found in the appropriate NICE Clinical Knowledge summary and some ICBs may have local commissioning policies/referral thresholds in place.
ADHD,lived_only,Lived experience,2014-2017,1,2014,2017,1,2016,80b8d3c69882904e,criminal-record-check.life,adhd,target_sentence,49,0.407867051798003,1.0,5.872265205523915,0.07842263147932305,1085,898,771,"tell, prince, likely, possess, bed, census, deliver, mountain","He tells the prince's <t>adhd</t> that he is the likely one who possesses his bed's census, delivered on his mountain check, of casting a franchise bone and persuades them to take him with them as he is the social search left apparently who can make it often."
ADHD,lived_only,Lived experience,2014-2017,1,2014,2017,2,2017,7203541365cd664e,additudemag.com,adhd,target_sentence,73,0.4031280281654056,0.9990783410138249,5.787793282888414,0.07842263147932305,1085,898,771,"text, buy, thing, middle, world, completely, google, ads",To me the world itself seems to have gone completely <t>ADHD</t> whenever: - Google Ads suggest I buy things I just bought - The phone rings in the middle of a text conversation - I get a text while I’m in the middle of writing another text - I go to Facebook ...
ADHD,lived_only,Lived experience,2014-2017,1,2014,2017,3,2017,dab26a86444d33ce,mindfunda.com,attention_deficit,target_sentence,24,0.3912791509802256,0.9981566820276497,5.576589981427874,0.07842263147932305,1085,898,771,"learn, difficulty, know, nearly, child, disgnosis, disorder",Learning Difficulties: ADD + ADHD Did you know that nearly 8 % of all children between 3 and 17 get the disgnosis ADD (<t>Attention Deficit</t> Disorder)?
ADHD,lived_only,Lived experience,2014-2017,1,2014,2017,4,2016,76d4d3f5e6a0509f,healthyplace.com,adhd,target_sentence,23,0.38985279678006657,0.9972350230414746,5.551165571045558,0.07842263147932305,1085,898,771,"article, different, types, educational, assessment, tests, parent, advocate","next: Different Types of Educational Assessment Tests ~ back to Parent Advocate homepage ~ <t>adhd</t> library articles ~ all add/adhd articles APA Reference Staff, H."
ADHD,lived_only,Lived experience,2014-2017,1,2014,2017,5,2015,1c886f4879bbb39d,sacfriendschurch.org,attention_deficit,target_sentence_plus_adjacent,44,0.3794126910413105,0.9963133640552996,5.365073271736363,0.07842263147932305,1085,898,771,"reason, turn, thing, mind, naturally, fickle, unstable, suffer","... he reason we turn our attention to other things is that our minds are naturally fickle and unstable. We suffer from spiritual <t>attention deficit</t> disorder. It is the steady gaze at Christ that overcomes the influence of the world, the flesh and the devil."
ADHD,lived_only,Lived experience,2014-2017,1,2014,2017,6,2016,86e04919c1534176,additude.com,attention_deficit,target_sentence,17,0.3595751918323348,0.9953917050691244,5.011474761077747,0.07842263147932305,1085,898,771,"twin, year, old, son, recently, diagnose, disorder",Her twin six-year-old sons had recently been diagnosed with <t>attention deficit</t> disorder (ADHD or ADD).
ADHD,lived_only,Lived experience,2014-2017,1,2014,2017,7,2014,ecba7a4e5c4f5a44,additudemag.com,attention_deficit,target_sentence,22,0.3482629098097998,0.9944700460829493,4.809836135503978,0.07842263147932305,1085,898,771,"true, son, ricochet, disorder, spd, learn, disability, gifted","That’s true for my son, Ricochet, who has <t>attention deficit</t> disorder (ADHD or ADD), SPD, learning disabilities, and a gifted IQ."
ADHD,lived_only,Lived experience,2014-2017,1,2014,2017,8,2014,372307244200e51b,shmoop.com,attention_deficit,target_sentence,26,0.33757906494379,0.9935483870967742,4.619399246613292,0.07842263147932305,1085,898,771,"trouble, find, learning, disability, dyslexia, disorder, truly, feel",""" Trouble seems to find him wherever he goes, and he has two learning disabilities (dyslexia and <t>attention deficit</t> disorder), making him truly feel like an outsider."
ADHD,lived_only,Lived experience,2014-2017,1,2014,2017,9,2015,8292d494166a634b,vox.com,adhd,target_sentence,29,0.3191152128649214,0.992626728110599,4.2902856558661835,0.07842263147932305,1085,898,771,"think, use, mobile, phone, nonlinear, feed, wrap, founder","“If you think about how we use the mobile phone, it is <t>ADHD</t>, it is nonlinear, it is a feed,” Wrap founder and CEO Eric Greenberg told Re/code."
ADHD,lived_only,Lived experience,2014-2017,1,2014,2017,10,2014,92af0934c0f6b6f9,sabden.org.uk,adhd,target_sentence,52,0.3125922419858471,0.9917050691244239,4.174015315355391,0.07842263147932305,1085,898,771,"webinar, successful, parent, foundation, school, sen, event, live","... webinar Successful schooling: A parent's guide to the foundations of achievement Join Rachel Varney (Therapeutic SENCo for the <t>ADHD</t> Foundation) for a webinar, as she gives advice to parents and carers on homework, school refusal, friendships and how to ..."
ADHD,lived_only,Lived experience,2018-2021,2,2018,2021,1,2021,693a603488c63966,totallywiredmag.com,adhd,target_sentence_plus_adjacent,60,0.5093657072500596,1.0,7.152179149275843,0.08268307402403685,1124,911,823,"track, kind, push, direction, far, away, actually, album","... that direction was “Far Away,” and although it’s not actually on the album, it really showed me the type of vibe it could be. “<t>ADHD</t>” was written after finally being diagnosed. It started mostly as a joke song, but it’s also just a good introduction to w ..."
ADHD,lived_only,Lived experience,2018-2021,2,2018,2021,2,2020,8954df8254588e83,kmalone.co,adhd,target_sentence,19,0.37676188813070666,0.9991103202846975,4.929435132137956,0.08268307402403685,1124,911,823,"idea, lot, hard, piece, synopsis","With so many ideas and a lot of <t>ADHD</t>, it’s hard to get any piece past a synopsis."
ADHD,lived_only,Lived experience,2018-2021,2,2018,2021,3,2021,7a4b3bc942e4cfb3,stingraymonitoring.com,attention_deficit,target_sentence,25,0.3740715924401279,0.998220640569395,4.884339608567979,0.08268307402403685,1124,911,823,"research, link, overtalking, anxiety, disorder, autism, spectrum, compulsive","Research has linked overtalking to anxiety, <t>attention deficit</t> disorder, being on the autism spectrum or to compulsive behavior on the lines of shopaholism or workaholism."
ADHD,lived_only,Lived experience,2018-2021,2,2018,2021,4,2020,8c0e2738c8bf4adc,vibesnscribes.com,adhd,target_sentence,35,0.3686532372817143,0.9973309608540926,4.79351555394364,0.08268307402403685,1124,911,823,"hand, reality, respect, comment, disposable, today, simple, readily","In reality, with respect to my comment above about “disposable”, the above (today) simple goes hand in hand with how the readily available access to media content has created, what I refer to “<t>ADHD</t>” mindsets."
ADHD,lived_only,Lived experience,2018-2021,2,2018,2021,5,2021,3f1f3bbd0dc9fc12,utm.edu,attention_deficit,target_sentence,71,0.36390316311075566,0.99644128113879,4.713893420775994,0.08268307402403685,1124,911,823,"student, disorder, health, emotional, arc, accomplish, mission, goal","... plishes our mission and goals by coordinating reasonable accommodations for students with disabilities, such as: - ADHD/<t>Attention Deficit</t> Disorder - Autism Spectrum Disorder - Blind/Low Vision - Chronic Health Conditions - Deaf/Hard of Hearing - Learnin ..."
ADHD,lived_only,Lived experience,2018-2021,2,2018,2021,6,2021,04b459cfa240b5e9,eschoolnews.com,attention_deficit,target_sentence,38,0.354831689877915,0.9955516014234875,4.561834732053203,0.08268307402403685,1124,911,823,"student, disorder, diagnosis, autism, child, struggle, communication, repetitive","Whether it be <t>attention deficit</t> disorder or having a diagnosis like autism, where a child may struggle with communication and have repetitive behaviors, disabilities can position students to not be seen in the same way as other students."
ADHD,lived_only,Lived experience,2018-2021,2,2018,2021,7,2019,e76c987fc836f057,jawwad.me,attention_deficit,target_sentence,17,0.3520732606222631,0.994661921708185,4.51559713372898,0.08268307402403685,1124,911,823,"skip, break, quality, productivity, fall, result, mental, fatigue","If you skip breaks, then quality of productivity will fall and result in <t>attention-deficit</t> (mental fatigue)."
ADHD,lived_only,Lived experience,2018-2021,2,2018,2021,8,2019,9660d0ff9f62185e,greatparks.org,attention_deficit,target_sentence,25,0.34831989627221527,0.9937722419928826,4.452682142225619,0.08268307402403685,1124,911,823,"disorder, sensory, experience, sensitivity, common, people, autism, spectrum","Anyone could experience a sensory sensitivity, but it is common in people who have autism spectrum disorder, sensory processing disorder and <t>attention deficit</t> disorder (ADD)."
ADHD,lived_only,Lived experience,2018-2021,2,2018,2021,9,2018,529b71438f08d436,iamfamily.eu,adhd,target_sentence,21,0.3443756845785,0.9924377224199288,4.38656811170407,0.08268307402403685,1124,911,823,"find, little, decide, order, online, immediate, delivery","I couldn’t find one so, as I am a little <t>ADHD</t> I decided to order one online with immediate delivery."
ADHD,lived_only,Lived experience,2018-2021,2,2018,2021,10,2018,1a4fc9776b4f7008,iamfamily.eu,adhd,target_sentence,21,0.3443756845785,0.9924377224199288,4.38656811170407,0.08268307402403685,1124,911,823,"find, little, decide, order, online, immediate, delivery","I couldn’t find one so, as I am a little <t>ADHD</t> I decided to order one online with immediate delivery."
ADHD,lived_only,Lived experience,2022-2026,3,2022,2026,1,2023,e1b76dc6e2a7880d,networthdetail.com,adhd,target_sentence,26,0.5695756056346448,1.0,8.933395844960382,0.0759564525899129,1194,921,847,"album, title, base, personal, life, diagnose, kid",One of his albums is also titled <t>ADHD</t> which is based on his personal life since he was diagnosed with ADHD when he was a kid.
ADHD,lived_only,Lived experience,2022-2026,3,2022,2026,2,2025,fa7b54c62a9884d5,kissfmdetroit.com,adhd,target_sentence,25,0.4716835742694262,0.9991624790619765,7.161770370424698,0.0759564525899129,1194,921,847,"build, momentum, steamy, collaboration, come, heel, lucas, july","Building on Momentum This steamy collaboration comes on the heels of Lucas’s July release, <t>ADHD</t> 2, the follow-up to his 2020 debut, ADHD."
ADHD,lived_only,Lived experience,2022-2026,3,2022,2026,3,2025,c8692363b976fe66,bigdreamersaba.com,attention_deficit,target_sentence,20,0.38033017911724387,0.998324958123953,5.508479497001935,0.0759564525899129,1194,921,847,"disorder, neurodivergent, individual, condition, learn, disability, anxiety, obsessive","Neurodivergent individuals may have conditions like learning disabilities, <t>attention deficit</t> disorders, anxiety disorders, obsessive-compulsive disorder, and Tourette's syndrome."
ADHD,lived_only,Lived experience,2022-2026,3,2022,2026,4,2023,fdb83f831c105258,optimizeyourself.me,adhd,target_sentence,16,0.38011883492764964,0.9974874371859297,5.504654642772653,0.0759564525899129,1194,921,847,route,"So you and I have that whole same <t>ADHD</t> like just going down these routes, right."
ADHD,lived_only,Lived experience,2022-2026,3,2022,2026,5,2023,a46ce0641a5201e2,theneurodivergentcoach.co.uk,attention_deficit,target_sentence,45,0.37987815541883907,0.9966499162479062,5.500298885280844,0.0759564525899129,1194,921,847,"foundation, training, relate, neuro, divergent, condition, dyslexia, dyspraxia","Foundation training related to neuro-divergent ‘conditions’ (such as Dyslexia, Dyspraxia, Dyscalculia, <t>Attention Deficit</t> Disorder and the Autistic Spectrum) is often not delivered as standard to those in leadership roles – yet it is estimated at least 1 ..."
ADHD,lived_only,Lived experience,2022-2026,3,2022,2026,6,2025,631814a1c2743d84,elon.edu,attention_deficit,target_sentence,14,0.37379353932830217,0.9958123953098827,5.390181026672437,0.0759564525899129,1194,921,847,"culturally, induce, behavior, reach, staggering, proportion, rise","Culturally-induced <t>attention-deficit</t> behavior has already reached staggering proportions, and is still rising."
ADHD,lived_only,Lived experience,2022-2026,3,2022,2026,7,2023,fff4a7dd4e74d5fd,chec.org,attention_deficit,target_sentence,25,0.35045628696284303,0.9949748743718593,4.967829276282614,0.0759564525899129,1194,921,847,"challenging, parent, child, special, need, label, highly, gift","This can be very challenging for parents of children who have special needs or labels such as “highly-gifted,” “<t>attention deficit</t> disorder,” or “autism spectrum."
ADHD,lived_only,Lived experience,2022-2026,3,2022,2026,8,2023,a46ce0641a5201e2,theneurodivergentcoach.co.uk,attention_deficit,target_sentence,47,0.3472335697333313,0.9941373534338358,4.90950534673081,0.0759564525899129,1194,921,847,"key, feature, foundation, training, relate, neuro, divergent, condition","Key features Foundation training related to neuro-divergent ‘conditions’ (such as Dyslexia, Dyspraxia, Dyscalculia, <t>Attention Deficit</t> Disorder and the Autistic Spectrum) is often not delivered as standard to those in leadership roles – yet it is estimat ..."
ADHD,lived_only,Lived experience,2022-2026,3,2022,2026,9,2026,569dcfc8d8db7335,gulf-insider.com,attention_deficit,target_sentence,22,0.33753323145680403,0.9932998324958124,4.733951053264433,0.0759564525899129,1194,921,847,"diagnose, disorder, psychologist, explain, high, low, maturity",He had been diagnosed with <t>attention deficit</t> hyperactivity disorder (ADHD); one psychologist explained that he had a high IQ but low maturity.
ADHD,lived_only,Lived experience,2022-2026,3,2022,2026,10,2023,f7860bb207a8b04f,pointypress.com,attention_deficit,target_sentence,13,0.33380401574637364,0.992462311557789,4.666460641016388,0.0759564525899129,1194,921,847,"davis, pierre, neurodiverse, autistic, disorder",Davis-Pierre is neurodiverse; she is autistic and has <t>attention-deficit</t> hyperactivity disorder.
Autism,substantive_core_overall,Overall,2014-2017,1,2014,2017,1,2017,2ba3526d0aacfb53,dox-box.org,autism,target_sentence,17,0.6870612138628602,1.0,10.776721448989468,0.09721397863694381,15482,10102,6828,"cbd, oil, demonstrate, best, organics, carry, powerful, organic",<t>autism</t> one CBD oil has been demonstrated by the Best Organics that carry powerful and organic ingredients.
Autism,substantive_core_overall,Overall,2014-2017,1,2014,2017,2,2016,fc2fb424312efd65,therightstuff.biz,autistic,target_sentence,18,0.6528043313443521,0.9999354088619041,10.150835866137967,0.09721397863694381,15482,10102,6828,"need, point, exact, coordinate, border",There is no need to get too <t>autistic</t> at this point about the exact coordinates of the border.
Autism,substantive_core_overall,Overall,2014-2017,1,2014,2017,3,2015,611cf5fe5791be6b,arrest-records-free.life,autism,target_sentence,31,0.6285085406691182,0.9998708177238083,9.706943019221987,0.09721397863694381,15482,10102,6828,"pejorative, mortality, man, stuff, day, attribute, etiquette, neuronal","Pejorative mortality, man in, and the <t>autism</t> of, stuff over day can be attributed to the etiquette that it has become then neuronal to distinguish between the consecutive and other floors."
Autism,substantive_core_overall,Overall,2014-2017,1,2014,2017,4,2016,8d85e0450eacfa14,debate.org,autistic,target_sentence,32,0.6005316649131491,0.9998062265857124,9.19579542196388,0.09721397863694381,15482,10102,6828,"government, feel, naseuas, time, ignorant, corpotatism, lead, capitalism","I feel naseuas every time someone says something ignorant and <t>autistic</t> as Corpotatism leads to Capitalism or vise versa because government and business create affairs and relations when government regulates markets, I."
Autism,substantive_core_overall,Overall,2014-2017,1,2014,2017,5,2016,039b5c8ca70ddde0,diamondhoggers.com,autistic,target_sentence,42,0.5811870836226014,0.9997416354476166,8.842362953918622,0.09721397863694381,15482,10102,6828,"sucker, baseball, mets, era, watch, lot, youtube, minute","Since I’m a sucker for 80’s baseball and the Mets in that era; I have watched a lot of these shows on YouTube because I’m like <t>autistic</t> about it, and it is like a few minutes of time travel."
Autism,substantive_core_overall,Overall,2014-2017,1,2014,2017,6,2014,b8bef4c3f48c87e3,imdb.com,autistic,target_sentence,54,0.5758739125911143,0.9996770443095208,8.745289405383218,0.09721397863694381,15482,10102,6828,"minus, point, excessive, grotesque, sake, image, coen, brother","... for its own sake images that Coen brothers have taken to enjoy shoving at their audience, the whole writing/directing team's <t>autistic</t> preoccupation with banal and boring baddies, and the minimization of the true driving force of Fargo, the far more inte ..."
Autism,substantive_core_overall,Overall,2014-2017,1,2014,2017,7,2016,afd8e255ed899b66,mcgintyvaluations.com,autism,target_sentence,12,0.5745275062580065,0.9996124531714249,8.720690076705344,0.09721397863694381,15482,10102,6828,"tailor, available, god, john",tailor has shown in the available <t>Autism</t> of God( John 14:6).
Autism,substantive_core_overall,Overall,2014-2017,1,2014,2017,8,2014,4d57f3dfb7545ae1,tgstation13.org,autistic,target_sentence,17,0.5728487823402502,0.999547862033329,8.690019186056027,0.09721397863694381,15482,10102,6828,"sound, warn, label, properly, teach, basic, high, school",Sorry for sounding <t>autistic</t> but aren't those warning labels properly taught in basic high school chemistry?
Autism,substantive_core_overall,Overall,2014-2017,1,2014,2017,9,2016,cd4da8a5eeee7039,washingtonpost.com,autistic,target_sentence,14,0.5666385759204364,0.9994832708952331,8.576556477866124,0.09721397863694381,15482,10102,6828,"israeli, military, elite, unit, embrace, skill, interpret, aerial","” Indeed, the Israeli military elite unit 9900 embraces <t>autistic</t> skills at interpreting aerial photographs."
Autism,substantive_core_overall,Overall,2014-2017,1,2014,2017,10,2015,d53cde74294d8479,conspiracydoctor.com,autistic,target_sentence,10,0.5456962815578441,0.9994186797571373,8.193933216502597,0.09721397863694381,15482,10102,6828,"love, story, pathetic, feel","o… My first love stories were pathetic, I felt <t>autistic</t>."
Autism,substantive_core_overall,Overall,2018-2021,2,2018,2021,1,2019,023f79de903ef9ad,medium.com,autistic,target_sentence,11,0.6209102466213636,1.0,9.527900028718024,0.10157169642414843,12514,8277,6832,"example, dude, build, computer","Example: “that dude built his own computer, he’s so <t>autistic</t>."
Autism,substantive_core_overall,Overall,2018-2021,2,2018,2021,2,2019,da72b439d0160425,sportwitness.co.uk,autistic,target_sentence,30,0.603968829709185,0.9999200894997603,9.217089043046396,0.10157169642414843,12514,8277,6832,"point, dugarry, decide, interject, help, friend, way, treat","” At this point, Dugarry decided to interject to help out his friend, by saying: “It’s the way he treats people, journalists, it’s a bit <t>autistic</t>, isn’t it?"
Autism,substantive_core_overall,Overall,2018-2021,2,2018,2021,3,2019,4cf0f3b87134e848,johnscrazysocks.com,autism,target_sentence,50,0.5718845965369199,0.9998401789995205,8.628464597494771,0.10157169642414843,12514,8277,6832,"sock, charity, society, syndrome, donate, percent, earning, special","... he Special Olympics and raise money through our Sock of the Month Club and charity and awareness socks for our charity partners like <t>Autism</t> Speaks, the Autism Society of America, the National Down Syndrome Society, and the Williams Syndrome Association."
Autism,substantive_core_overall,Overall,2018-2021,2,2018,2021,4,2018,6a83ee12ee95bad7,sponsoredprograms.info,autistic,target_sentence,17,0.5689674945844001,0.9997602684992808,8.57494679919801,0.10157169642414843,12514,8277,6832,"add, thing, look, good, fit, timeline, nonsense",They add things because it looks good not because it fits in with some <t>autistic</t> timeline nonsense.
Autism,substantive_core_overall,Overall,2018-2021,2,2018,2021,5,2020,09e91111976ea54a,ciosquawsor.tk,autistic,target_sentence,60,0.5669335857355944,0.9995604922486815,8.53763225712986,0.10157169642414843,12514,8277,6832,"finance, thousand, misguided, attempt, understand, world, high, thing","But out of all of those tens of thousands of misguided, <t>autistic</t> attempts at understanding the world of high finance, one thing gets so consistently - so *emphatically* - fucked up and misunderstood by you retards that last night I felt obligated at the ..."
Autism,substantive_core_overall,Overall,2018-2021,2,2018,2021,6,2020,40f1f611dde64089,dername.tk,autistic,target_sentence,60,0.5669335857355944,0.9995604922486815,8.53763225712986,0.10157169642414843,12514,8277,6832,"finance, thousand, misguided, attempt, understand, world, high, thing","But out of all of those tens of thousands of misguided, <t>autistic</t> attempts at understanding the world of high finance, one thing gets so consistently - so *emphatically* - fucked up and misunderstood by you retards that last night I felt obligated at the ..."
Autism,substantive_core_overall,Overall,2018-2021,2,2018,2021,7,2020,8b144da2bac716aa,santyacomlafastnis.tk,autistic,target_sentence,60,0.5669335857355944,0.9995604922486815,8.53763225712986,0.10157169642414843,12514,8277,6832,"finance, thousand, misguided, attempt, understand, world, high, thing","But out of all of those tens of thousands of misguided, <t>autistic</t> attempts at understanding the world of high finance, one thing gets so consistently - so *emphatically* - fucked up and misunderstood by you retards that last night I felt obligated at the ..."
Autism,substantive_core_overall,Overall,2018-2021,2,2018,2021,8,2020,5965ac827a06d797,fastmining.pw,autistic,target_sentence,60,0.5669335857355944,0.9995604922486815,8.53763225712986,0.10157169642414843,12514,8277,6832,"finance, thousand, misguided, attempt, understand, world, high, thing","But out of all of those tens of thousands of misguided, <t>autistic</t> attempts at understanding the world of high finance, one thing gets so consistently - so *emphatically* - fucked up and misunderstood by you retards that last night I felt obligated at the ..."
Autism,substantive_core_overall,Overall,2018-2021,2,2018,2021,9,2021,314b3dc0a5c7ca60,youngscientistlab.com,autistic,target_sentence,13,0.5667775347274411,0.9993607159980822,8.53476931078301,0.10157169642414843,12514,8277,6832,"wireless, wearable, customizable, electronic, solution, predict, prevent, meltdowns","A Wireless, Wearable and Customizable Electronic Solution to Predict and Prevent <t>Autistic</t> Meltdowns."
Autism,substantive_core_overall,Overall,2018-2021,2,2018,2021,10,2018,4472c3a0f43380e8,psybertron.org,autistic,target_sentence,22,0.553719155104735,0.9992808054978424,8.295197386967718,0.10157169642414843,12514,8277,6832,"truth, care, promote, narrow, conception, absolute, objective, game","- We care about truth, but should we promote a narrow “<t>autistic</t>” conception of absolute objective truth as the only game in town?"
Autism,substantive_core_overall,Overall,2022-2026,3,2022,2026,1,2022,2ac8cdbe7233aa8a,youngscientistlab.com,autistic,target_sentence,13,0.5697245942677139,1.0,9.42630741006887,0.09946890888104132,8812,5762,4755,"wireless, wearable, customizable, electronic, solution, predict, prevent, meltdowns","A Wireless, Wearable and Customizable Electronic Solution to Predict and Prevent <t>Autistic</t> Meltdowns."
Autism,substantive_core_overall,Overall,2022-2026,3,2022,2026,2,2024,61be82bf8a22830c,richardlittler.com,autistic,target_sentence,24,0.5431547732820292,0.9998865183840218,8.893713529283307,0.09946890888104132,8812,5762,4755,"life, pop, art, exhaustive, archive, ludicrously, time, consume","Part still life, part Pop Art, part exhaustive archive, it was ludicrously time consuming (and possibly the most <t>autistic</t> thing I have ever done)."
Autism,substantive_core_overall,Overall,2022-2026,3,2022,2026,3,2022,1ffbc1efd6bb7b66,boobingit.com,autism,target_sentence,34,0.5353280938479781,0.9997730367680435,8.736827204166863,0.09946890888104132,8812,5762,4755,"review, publish, cover, experience, mother, lead, aimee, grant","The review, published in <t>Autism</t> covered the experiences of more than 300 Autistic mothers and was led by Dr Aimee Grant from Swansea University’s Centre for Lactation, Infant Feeding and Translational Research (LIFT)."
Autism,substantive_core_overall,Overall,2022-2026,3,2022,2026,4,2023,cbb34f0695ef3d97,akarlin.com,autistic,target_sentence,42,0.5317249103493906,0.9996595551520654,8.664601144242367,0.09946890888104132,8812,5762,4755,"actually, impress, observation, jinping, skeptical, capability, armed, force",I am actually impressed by the observation that Xi Jinping is skeptical about the capabilities of his own armed forces and constantly disses them as the “Two Inabilities” and the “Five Incapables” even if it occurs in that <t>autistic</t> numerical CPC manner.
Autism,substantive_core_overall,Overall,2022-2026,3,2022,2026,5,2022,8d58b6d89d449260,iberianamerica.com,autism,target_sentence,27,0.5273112370791755,0.9995460735360872,8.576128761354658,0.09946890888104132,8812,5762,4755,"extreme, use, word, american, bring, september, day, pass","Putting aside their extreme <t>autism</t> over our use of the word ""American,"" you always have someone who brings up ""the other September 11"" whenever that day passes."
Autism,substantive_core_overall,Overall,2022-2026,3,2022,2026,6,2022,bef0e466d8c29c1f,lolcow.farm,autistic,target_sentence,27,0.5235078436198413,0.9994325919201089,8.499889479059432,0.09946890888104132,8812,5762,4755,"deeply, ask, clarify, intention, instead, jump, conclusion, feel","One was deeply <t>autistic</t> and would never ask me to clarify my intentions, instead jumping to conclusions about how I felt and stating them as absolute fact."
Autism,substantive_core_overall,Overall,2022-2026,3,2022,2026,7,2022,fca8069e7605c613,podbean.com,autistic,target_sentence,19,0.5068788069756625,0.9993191103041307,8.166559301004401,0.09946890888104132,8812,5762,4755,"push, obvious, seek, theme, concern, film, cinematic",We push beyond the obvious and seek out <t>autistic</t> themes and concerns in films from across the cinematic spectrum.
Autism,substantive_core_overall,Overall,2022-2026,3,2022,2026,8,2022,e4a8276c7eac2cf9,wwlp.com,autistic,target_sentence,59,0.4999043514661202,0.9992056286881525,8.026755862803043,0.09946890888104132,8812,5762,4755,"maybe, continue, arm, flap, high, register, voice, case","... aybe using a high register of voice – in some cases you might see that as aggression, but if you know that that’s a sign of somebody just having an exciting moment that’s <t>autistic</t>, that’s going to change how you handle the next step of that interaction."
Autism,substantive_core_overall,Overall,2022-2026,3,2022,2026,9,2025,89e621376d9c480a,tashangame.online,autism,target_sentence,13,0.4866492974415696,0.9990921470721743,7.761057397361319,0.09946890888104132,8812,5762,4755,"impulsive, decision, cost, play, strategy","Impulsive decisions will cost you many , and thus, always play with <t>autism</t> & strategy."
Autism,substantive_core_overall,Overall,2022-2026,3,2022,2026,10,2022,13890c0f7d430200,reverserett.org,autism,target_sentence,47,0.4823902728303474,0.9989786654561961,7.6756849574312875,0.09946890888104132,8812,5762,4755,"wang, vice, president, speaks, developmental, behavioral, pediatrician, care","Wang, who is a former Vice President of <t>Autism</t> Speaks, is a developmental-behavioral pediatrician who has cared for children with autism and associated genetic diagnosis, led a research lab, and designed and directed some of the largest studies of treat ..."
Autism,clinical_only,Clinical,2014-2017,1,2014,2017,1,2017,2ba3526d0aacfb53,dox-box.org,autism,target_sentence,17,0.6817609609741173,1.0,12.383741986806529,0.08752037298045312,8390,5712,3891,"cbd, oil, demonstrate, best, organics, carry, powerful, organic",<t>autism</t> one CBD oil has been demonstrated by the Best Organics that carry powerful and organic ingredients.
Autism,clinical_only,Clinical,2014-2017,1,2014,2017,2,2015,611cf5fe5791be6b,arrest-records-free.life,autism,target_sentence,31,0.6161815110983717,0.9998808104886769,11.01709183986873,0.08752037298045312,8390,5712,3891,"pejorative, mortality, man, stuff, day, attribute, etiquette, neuronal","Pejorative mortality, man in, and the <t>autism</t> of, stuff over day can be attributed to the etiquette that it has become then neuronal to distinguish between the consecutive and other floors."
Autism,clinical_only,Clinical,2014-2017,1,2014,2017,3,2016,8d85e0450eacfa14,debate.org,autistic,target_sentence,32,0.5993848973815058,0.999761620977354,10.667056963886914,0.08752037298045312,8390,5712,3891,"government, feel, naseuas, time, ignorant, corpotatism, lead, capitalism","I feel naseuas every time someone says something ignorant and <t>autistic</t> as Corpotatism leads to Capitalism or vise versa because government and business create affairs and relations when government regulates markets, I."
Autism,clinical_only,Clinical,2014-2017,1,2014,2017,4,2016,84eccf0c297d226c,romaniajournal.ro,autistic,target_sentence,26,0.5198979330908948,0.9996424314660309,9.010579643122139,0.08752037298045312,8390,5712,3891,"clear, authority, overwhelm, situation, unable, manage, terrorist, phenomenon","It is all too clear that the authorities are either overwhelmed by the situation, unable to manage the terrorist phenomenon (among others), or they are <t>autistic</t>."
Autism,clinical_only,Clinical,2014-2017,1,2014,2017,5,2017,167a2a422e804750,hentaireviews.moe,autism,target_sentence,18,0.5029089467512189,0.999523241954708,8.656535796742917,0.08752037298045312,8390,5712,3891,"lead, company, psychopathic, egotistical, faggot, ceo, occasionally, embarrass","However, some companies are led by psychopathic egotistical faggot CEOs, whose <t>autism</t> occasionally leads to embarrassing fuck ups."
Autism,clinical_only,Clinical,2014-2017,1,2014,2017,6,2016,d46570bc6f19324c,politifact.com,asd_disambiguated,target_sentence,22,0.5003391246891209,0.9994040524433849,8.60298170768873,0.08752037298045312,8390,5712,3891,"state, coordinator, work, task, force, ensure, effective, communication","The Coordinator will work with state task forces on <t>ASD</t> to ensure effective communication and collaboration among federal, state, and local agencies."
Autism,clinical_only,Clinical,2014-2017,1,2014,2017,7,2017,316721e65c1fe008,tennis-am-glockenberg.de,autistic,target_sentence,40,0.4823227155548778,0.999284862932062,8.227526771161255,0.08752037298045312,8390,5712,3891,"powerful, treatment, valid, computational, change, boss, prim, miss","The <t>autistic</t> valid computational change Powerful Boss, Prim Miss's Chief of Staff Martyn Brown does not is the Campbell treatment was its treatment to withdraw Traditional jump week topics through more popular Powerful control modeling in its Soviet his ..."
Autism,clinical_only,Clinical,2014-2017,1,2014,2017,8,2014,10758629c3c81d6b,locusonus.org,autistic,target_sentence,13,0.47735240384622635,0.9991656734207389,8.123947414520945,0.08752037298045312,8390,5712,3891,"believe, network, art, consider, practice",I don't believe that network art can be consider an <t>autistic</t> practice.
Autism,clinical_only,Clinical,2014-2017,1,2014,2017,9,2015,0fbd509d7655ce5f,autismcanada.org,autism,target_sentence,35,0.4771158864974774,0.999046483909416,8.119018485259819,0.08752037298045312,8390,5712,3891,"october, vancouver, british, columbia, canada, partner, research, institute","October 28 – 29, 2017 | Vancouver, British Columbia In October 2017, <t>Autism</t> Canada partnered with The Autism Research Institute and the Pacific Autism Family Network to co-host an international Think Tank on Aging and Autism."
Autism,clinical_only,Clinical,2014-2017,1,2014,2017,10,2016,c5631c74bce322de,libertyfund.org,autistic,target_sentence,33,0.4682345293382284,0.9989272943980929,7.933934467481503,0.08752037298045312,8390,5712,3891,"intervention, person, restrict, autonomous, action, binary, occur, government","An “<t>autistic</t> intervention” is one which restricts a person’s autonomous actions, while a “binary intervention” occurs when the government uses its coercive power to force a person to engage in an exchange."
Autism,clinical_only,Clinical,2018-2021,2,2018,2021,1,2019,023f79de903ef9ad,medium.com,autistic,target_sentence,11,0.6198414065477289,1.0,10.647017334924541,0.09700297552105575,6232,4329,3681,"example, dude, build, computer","Example: “that dude built his own computer, he’s so <t>autistic</t>."
Autism,clinical_only,Clinical,2018-2021,2,2018,2021,2,2018,6a83ee12ee95bad7,sponsoredprograms.info,autistic,target_sentence,17,0.5623959199030508,0.9998395378690629,9.477204528857381,0.09700297552105575,6232,4329,3681,"add, thing, look, good, fit, timeline, nonsense",They add things because it looks good not because it fits in with some <t>autistic</t> timeline nonsense.
Autism,clinical_only,Clinical,2018-2021,2,2018,2021,3,2021,314b3dc0a5c7ca60,youngscientistlab.com,autistic,target_sentence,13,0.5608920909369262,0.9996790757381258,9.446580741237849,0.09700297552105575,6232,4329,3681,"wireless, wearable, customizable, electronic, solution, predict, prevent, meltdowns","A Wireless, Wearable and Customizable Electronic Solution to Predict and Prevent <t>Autistic</t> Meltdowns."
Autism,clinical_only,Clinical,2018-2021,2,2018,2021,4,2018,4472c3a0f43380e8,psybertron.org,autistic,target_sentence,22,0.5526564569857618,0.9995186136071887,9.278871307044273,0.09700297552105575,6232,4329,3681,"truth, care, promote, narrow, conception, absolute, objective, game","- We care about truth, but should we promote a narrow “<t>autistic</t>” conception of absolute objective truth as the only game in town?"
Autism,clinical_only,Clinical,2018-2021,2,2018,2021,5,2020,f575195310e47885,hud.ac.uk,autistic,target_sentence,34,0.5423016599006508,0.9993581514762516,9.068007496118373,0.09700297552105575,6232,4329,3681,"classification, technique, achieve, new, semi, supervised, framework, approach","To achieve this, a new semi-supervised ML framework approach called Clustering-based <t>Autistic</t> Trait Classification (CATC) is proposed that uses a clustering technique and validation of the classifiers is done by classification techniques."
Autism,clinical_only,Clinical,2018-2021,2,2018,2021,6,2021,537c221d5321c2b5,diagonalthoughts.com,autistic,target_sentence,8,0.5342379991347096,0.9991976893453145,8.903800102661585,0.09700297552105575,6232,4329,3681,"new, medium, art",This is where new media art becomes <t>autistic</t>.
Autism,clinical_only,Clinical,2018-2021,2,2018,2021,7,2018,888ea6958f19fc23,digibuzz24.net,autistic,target_sentence,36,0.5116507159919474,0.9990372272143774,8.443835454122638,0.09700297552105575,6232,4329,3681,"seductive, strategy, mean, literally, idea, term, memetic, evolution","I mean, literally, it’s a seductive idea, ie in terms of memetic evolution, we may worry it is optimized for a seductive/creative strategy for reproduction, rather than the boring <t>autistic</t> “is actually true” strategy."
Autism,clinical_only,Clinical,2018-2021,2,2018,2021,8,2019,8cee358a82125570,schealthcarevoices.org,autism,target_sentence,31,0.4847875515624047,0.9988767650834403,7.896797286345567,0.09700297552105575,6232,4329,3681,"child, accord, early, project, aba, therapy, crucial, help","According to the Early <t>Autism</t> Project, ABA therapies are crucial for children on the Autism Spectrum, by helping these children learn to manage their behavior and cultivate basic and complex skills."
Autism,clinical_only,Clinical,2018-2021,2,2018,2021,9,2018,b392082a55275eb9,eu-aims.eu,autism,target_sentence,24,0.4731769720625705,0.9987163029525032,7.660360877184688,0.09700297552105575,6232,4329,3681,"example, incorporate, patient, organization, europe, cost, network, early","For example we incorporate the patient organization <t>Autism</t> Europe, the COST network in early autism science (40 scientists from over 20 countries (http://www."
Autism,clinical_only,Clinical,2018-2021,2,2018,2021,10,2020,e17b8fc5ea6986e0,medium.com,autistic,target_sentence,92,0.4563029161255906,0.9985558408215661,7.3167396829302325,0.09700297552105575,6232,4329,3681,"academic, insult, fragile, nassim, follow, butt, exchange, interested","... ote of his not-at-all scientific-but-rather-popular output; he didn’t even intend or realise the nature of the insult because he comes across as borderline <t>autistic</t>; and even aside from all of this dubious ethics, he hasn’t even understood the material."
Autism,clinical_only,Clinical,2022-2026,3,2022,2026,1,2022,2ac8cdbe7233aa8a,youngscientistlab.com,autistic,target_sentence,13,0.5682994358285838,1.0,10.16746750342245,0.09578444601851188,4313,2918,2421,"wireless, wearable, customizable, electronic, solution, predict, prevent, meltdowns","A Wireless, Wearable and Customizable Electronic Solution to Predict and Prevent <t>Autistic</t> Meltdowns."
Autism,clinical_only,Clinical,2022-2026,3,2022,2026,2,2023,cbb34f0695ef3d97,akarlin.com,autistic,target_sentence,42,0.5210204962463438,0.9997681428240204,9.150130292613714,0.09578444601851188,4313,2918,2421,"actually, impress, observation, jinping, skeptical, capability, armed, force",I am actually impressed by the observation that Xi Jinping is skeptical about the capabilities of his own armed forces and constantly disses them as the “Two Inabilities” and the “Five Incapables” even if it occurs in that <t>autistic</t> numerical CPC manner.
Autism,clinical_only,Clinical,2022-2026,3,2022,2026,3,2022,8d58b6d89d449260,iberianamerica.com,autism,target_sentence,27,0.5192837184462458,0.9995362856480408,9.112758712401494,0.09578444601851188,4313,2918,2421,"extreme, use, word, american, bring, september, day, pass","Putting aside their extreme <t>autism</t> over our use of the word ""American,"" you always have someone who brings up ""the other September 11"" whenever that day passes."
Autism,clinical_only,Clinical,2022-2026,3,2022,2026,4,2022,13890c0f7d430200,reverserett.org,autism,target_sentence,47,0.4724643301008329,0.9993044284720612,8.10531001807871,0.09578444601851188,4313,2918,2421,"wang, vice, president, speaks, developmental, behavioral, pediatrician, care","Wang, who is a former Vice President of <t>Autism</t> Speaks, is a developmental-behavioral pediatrician who has cared for children with autism and associated genetic diagnosis, led a research lab, and designed and directed some of the largest studies of treat ..."
Autism,clinical_only,Clinical,2022-2026,3,2022,2026,5,2022,d1026aa24f7a97d2,centraljersey.com,autism,target_sentence,35,0.45212529362320697,0.9990725712960816,7.667659368053177,0.09578444601851188,4313,2918,2421,"eden, announce, return, princeton, lecture, series, lineup, lead","Eden <t>Autism</t> has announced the return of the Princeton Lecture Series along with a lineup of leading research and medical professional guest speakers who will present during “Neurobiology and Autism: Genetics, Comorbidities, and Dual Diagnosis."
Autism,clinical_only,Clinical,2022-2026,3,2022,2026,6,2025,c95d5b5a94e5e379,wonderwayaba.com,autism_spectrum,target_sentence,16,0.4472663456369437,0.998840714120102,7.56310565691904,0.09578444601851188,4313,2918,2421,"aba, therapy, help, kid, develop, valuable, skill, minimize",ABA therapy has helped kids across the <t>autism spectrum</t> develop valuable skills and minimize undesired behaviors.
Autism,clinical_only,Clinical,2022-2026,3,2022,2026,7,2023,e49e0a1692e13625,indiatechnologynews.in,autism,target_sentence,38,0.4405994883872283,0.9986088569441224,7.419649775310535,0.09578444601851188,4313,2918,2421,"india, nagarro, partner, action, pioneer, organization, disorder, south","Nagarro has partnered with Action for <t>Autism</t>, a pioneering organization for Autism Spectrum Disorder in South Asia, and Atypical Advantage, India’s largest inclusive platform for the employment of Persons with Disabilities (PwD), to launch TestingPro in ..."
Autism,clinical_only,Clinical,2022-2026,3,2022,2026,8,2024,a33e08eccebb5207,therapysolutionsforkids.com,autism_spectrum,target_sentence,17,0.4280284832053556,0.9983769997681429,7.149149813556049,0.09578444601851188,4313,2918,2421,"matter, child, provide, learn, environment, need","No matter where your child is on the <t>autism spectrum</t>, we provide the learning environment they need!"
Autism,clinical_only,Clinical,2022-2026,3,2022,2026,9,2025,0215e7e80e25961d,crossrivertherapy.com,autism,target_sentence,28,0.4131820540408415,0.9981451425921632,6.829687808482443,0.09578444601851188,4313,2918,2421,"complex, need, refer, extensive, array, challenge, face, individual","Complex needs in <t>autism</t> refer to the extensive array of challenges faced by individuals with Autism Spectrum Disorder (ASD), particularly those at the severe end of the spectrum."
Autism,clinical_only,Clinical,2022-2026,3,2022,2026,10,2022,fb12631bb93ae3a2,autismspeaks.org,autism,target_sentence_plus_adjacent,65,0.4056707372986853,0.9979132854161836,6.668061044187655,0.09578444601851188,4313,2918,2421,"florida, testing, group, home, disability, staff, speaks, individual","Florida issues new COVID-19 testing requirement for group home staff <t>Autism</t> Speaks commends Florida for vital testing rules for staff of group homes for individuals with developmental and/or intellectual disabilities. Recently, Autism Speaks urged Gov. ..."
Autism,lived_only,Lived experience,2014-2017,1,2014,2017,1,2016,fc2fb424312efd65,therightstuff.biz,autistic,target_sentence,18,0.6579266872913117,1.0,8.912331184963193,0.10204741453298449,4785,3568,2825,"need, point, exact, coordinate, border",There is no need to get too <t>autistic</t> at this point about the exact coordinates of the border.
Autism,lived_only,Lived experience,2014-2017,1,2014,2017,2,2014,b8bef4c3f48c87e3,imdb.com,autistic,target_sentence,54,0.5873189923493258,0.999791013584117,7.780288325355776,0.10204741453298449,4785,3568,2825,"minus, point, excessive, grotesque, sake, image, coen, brother","... for its own sake images that Coen brothers have taken to enjoy shoving at their audience, the whole writing/directing team's <t>autistic</t> preoccupation with banal and boring baddies, and the minimization of the true driving force of Fargo, the far more inte ..."
Autism,lived_only,Lived experience,2014-2017,1,2014,2017,3,2016,039b5c8ca70ddde0,diamondhoggers.com,autistic,target_sentence,42,0.5865850217360905,0.9995820271682341,7.7685206817220696,0.10204741453298449,4785,3568,2825,"sucker, baseball, mets, era, watch, lot, youtube, minute","Since I’m a sucker for 80’s baseball and the Mets in that era; I have watched a lot of these shows on YouTube because I’m like <t>autistic</t> about it, and it is like a few minutes of time travel."
Autism,lived_only,Lived experience,2014-2017,1,2014,2017,4,2016,afd8e255ed899b66,mcgintyvaluations.com,autism,target_sentence,12,0.5699402481940923,0.9993730407523511,7.501657458761974,0.10204741453298449,4785,3568,2825,"tailor, available, god, john",tailor has shown in the available <t>Autism</t> of God( John 14:6).
Autism,lived_only,Lived experience,2014-2017,1,2014,2017,5,2016,cd4da8a5eeee7039,washingtonpost.com,autistic,target_sentence,14,0.566644583206759,0.9991640543364682,7.448818543405309,0.10204741453298449,4785,3568,2825,"israeli, military, elite, unit, embrace, skill, interpret, aerial","” Indeed, the Israeli military elite unit 9900 embraces <t>autistic</t> skills at interpreting aerial photographs."
Autism,lived_only,Lived experience,2014-2017,1,2014,2017,6,2014,4d57f3dfb7545ae1,tgstation13.org,autistic,target_sentence,17,0.5615559382388309,0.9989550679205852,7.367233041913533,0.10204741453298449,4785,3568,2825,"sound, warn, label, properly, teach, basic, high, school",Sorry for sounding <t>autistic</t> but aren't those warning labels properly taught in basic high school chemistry?
Autism,lived_only,Lived experience,2014-2017,1,2014,2017,7,2017,c29c7cf50a4b1d07,peepstv.org,autism,target_sentence,21,0.5552395058709296,0.9987460815047022,7.265962604376224,0.10204741453298449,4785,3568,2825,"channel, austin, producer, media, today, announce, launch, new","AUSTIN, TX – The producers at <t>Autism</t> Media Channel have today announced the launch of a new Roku channel called Peeps TV."
Autism,lived_only,Lived experience,2014-2017,1,2014,2017,8,2015,4274228b96eb7092,cellofun.eu,autistic,target_sentence,19,0.5455383452973283,0.9985370950888193,7.110425313911299,0.10204741453298449,4785,3568,2825,"primitive, system, function, exclusively, simple, binary, logic, stop",Only the most primitive systems function exclusively with a simple <t>autistic</t> binary logic of “yes/no” or “stop/go”.
Autism,lived_only,Lived experience,2014-2017,1,2014,2017,9,2015,d53cde74294d8479,conspiracydoctor.com,autistic,target_sentence,10,0.5450778055717316,0.9983281086729363,7.103041547760093,0.10204741453298449,4785,3568,2825,"love, story, pathetic, feel","o… My first love stories were pathetic, I felt <t>autistic</t>."
Autism,lived_only,Lived experience,2014-2017,1,2014,2017,10,2014,1e2d7ddffc993022,charitablegiftgiving.com,autism,target_sentence,59,0.5395462647444071,0.9981191222570532,7.01435516164673,0.10204741453298449,4785,3568,2825,"national, children, society, toy, great, supporter, multiple, charity","... ties that benefit children with needs, including their own Toys R Us Children’s Fund, the American Society for Deaf Children, <t>Autism</t> Speaks, National Center for Learning Disabilities, National Down Syndrome Society, Spina Bifida Association, Hollyrod Fo ..."
Autism,lived_only,Lived experience,2018-2021,2,2018,2021,1,2019,da72b439d0160425,sportwitness.co.uk,autistic,target_sentence,30,0.6080549604148533,1.0,8.148188431867977,0.10429148107505004,4218,3197,2823,"point, dugarry, decide, interject, help, friend, way, treat","” At this point, Dugarry decided to interject to help out his friend, by saying: “It’s the way he treats people, journalists, it’s a bit <t>autistic</t>, isn’t it?"
Autism,lived_only,Lived experience,2018-2021,2,2018,2021,2,2020,40f1f611dde64089,dername.tk,autistic,target_sentence,60,0.5804049886421212,0.999407302038881,7.700960338963524,0.10429148107505004,4218,3197,2823,"finance, thousand, misguided, attempt, understand, world, high, thing","But out of all of those tens of thousands of misguided, <t>autistic</t> attempts at understanding the world of high finance, one thing gets so consistently - so *emphatically* - fucked up and misunderstood by you retards that last night I felt obligated at the ..."
Autism,lived_only,Lived experience,2018-2021,2,2018,2021,3,2020,09e91111976ea54a,ciosquawsor.tk,autistic,target_sentence,60,0.5804049886421212,0.999407302038881,7.700960338963524,0.10429148107505004,4218,3197,2823,"finance, thousand, misguided, attempt, understand, world, high, thing","But out of all of those tens of thousands of misguided, <t>autistic</t> attempts at understanding the world of high finance, one thing gets so consistently - so *emphatically* - fucked up and misunderstood by you retards that last night I felt obligated at the ..."
Autism,lived_only,Lived experience,2018-2021,2,2018,2021,4,2020,5965ac827a06d797,fastmining.pw,autistic,target_sentence,60,0.5804049886421212,0.999407302038881,7.700960338963524,0.10429148107505004,4218,3197,2823,"finance, thousand, misguided, attempt, understand, world, high, thing","But out of all of those tens of thousands of misguided, <t>autistic</t> attempts at understanding the world of high finance, one thing gets so consistently - so *emphatically* - fucked up and misunderstood by you retards that last night I felt obligated at the ..."
Autism,lived_only,Lived experience,2018-2021,2,2018,2021,5,2020,8b144da2bac716aa,santyacomlafastnis.tk,autistic,target_sentence,60,0.5804049886421212,0.999407302038881,7.700960338963524,0.10429148107505004,4218,3197,2823,"finance, thousand, misguided, attempt, understand, world, high, thing","But out of all of those tens of thousands of misguided, <t>autistic</t> attempts at understanding the world of high finance, one thing gets so consistently - so *emphatically* - fucked up and misunderstood by you retards that last night I felt obligated at the ..."
Autism,lived_only,Lived experience,2018-2021,2,2018,2021,6,2018,3ba10f7a9b6050d5,filetransit.com,autism,target_sentence,63,0.5586419579896185,0.998814604077762,7.348951346891479,0.10429148107505004,4218,3197,2823,"social, story, download, emotion, feeling, company, touch, date","3 Company: Touch <t>Autism</t> Date Added: November 10, 2012 | Visits: 110 Emotions and Feelings Autism Social Story Full screenshot Report Broken Link Printer Friendly Version Product Homepage Download (7 downloads) This app includes a social story about diff ..."
Autism,lived_only,Lived experience,2018-2021,2,2018,2021,7,2019,ea91f2422ebd2ef7,bra-fitter.info,autistic,target_sentence,17,0.5393102553761843,0.9985775248933144,7.036268188895332,0.10429148107505004,4218,3197,2823,"game, specific, video, idea, open, world, set, nazi",Our very specific <t>autistic</t> video game ideas: Open world game set in Nazi Germany where you play….
Autism,lived_only,Lived experience,2018-2021,2,2018,2021,8,2019,e0e168fa82f38aab,drumcafe.nl,autistic,target_sentence,12,0.533047590997731,0.9983404457088667,6.934971902971509,0.10429148107505004,4218,3197,2823,"man, tap, drum",It’s not every man for himself tapping <t>autistic</t> on the drum.
Autism,lived_only,Lived experience,2018-2021,2,2018,2021,9,2018,d8b4f5b72085de9d,brescia.edu,autistic,target_sentence,21,0.5307948670346934,0.9981033665244191,6.898534923935492,0.10429148107505004,4218,3197,2823,"describe, internet, culture, support, difficult, time, profoundly, world",He described the Internet as “a culture that supported each other through the difficult times in this profoundly non-<t>autistic</t> world.
Autism,lived_only,Lived experience,2018-2021,2,2018,2021,10,2018,e4e20588c909e3c8,controlaltenergy.com,autistic,target_sentence,31,0.5211732924281403,0.9978662873399715,6.742909504228185,0.10429148107505004,4218,3197,2823,"bring, spam, weekend, step, wise, basic, slide, variety","spam weekends by step-wise basic slides bring at the variety of the education, where it is required in the high owner, and where it looks <t>autistic</t> to bring in feedback."
Autism,lived_only,Lived experience,2022-2026,3,2022,2026,1,2024,61be82bf8a22830c,richardlittler.com,autistic,target_sentence,24,0.5533662799492585,1.0,8.391787801813152,0.09694546000222293,3031,2303,2053,"life, pop, art, exhaustive, archive, ludicrously, time, consume","Part still life, part Pop Art, part exhaustive archive, it was ludicrously time consuming (and possibly the most <t>autistic</t> thing I have ever done)."
Autism,lived_only,Lived experience,2022-2026,3,2022,2026,2,2022,1ffbc1efd6bb7b66,boobingit.com,autism,target_sentence,34,0.5417624811177215,0.999670075882547,8.17843947668529,0.09694546000222293,3031,2303,2053,"review, publish, cover, experience, mother, lead, aimee, grant","The review, published in <t>Autism</t> covered the experiences of more than 300 Autistic mothers and was led by Dr Aimee Grant from Swansea University’s Centre for Lactation, Infant Feeding and Translational Research (LIFT)."
Autism,lived_only,Lived experience,2022-2026,3,2022,2026,3,2022,bef0e466d8c29c1f,lolcow.farm,autistic,target_sentence,27,0.5326897320136785,0.999340151765094,8.011627223753763,0.09694546000222293,3031,2303,2053,"deeply, ask, clarify, intention, instead, jump, conclusion, feel","One was deeply <t>autistic</t> and would never ask me to clarify my intentions, instead jumping to conclusions about how I felt and stating them as absolute fact."
Autism,lived_only,Lived experience,2022-2026,3,2022,2026,4,2022,fca8069e7605c613,podbean.com,autistic,target_sentence,19,0.5178533778658504,0.999010227647641,7.738844891485109,0.09694546000222293,3031,2303,2053,"push, obvious, seek, theme, concern, film, cinematic",We push beyond the obvious and seek out <t>autistic</t> themes and concerns in films from across the cinematic spectrum.
Autism,lived_only,Lived experience,2022-2026,3,2022,2026,5,2022,e4a8276c7eac2cf9,wwlp.com,autistic,target_sentence,59,0.5165114669062003,0.9986803035301881,7.714172414835999,0.09694546000222293,3031,2303,2053,"maybe, continue, arm, flap, high, register, voice, case","... aybe using a high register of voice – in some cases you might see that as aggression, but if you know that that’s a sign of somebody just having an exciting moment that’s <t>autistic</t>, that’s going to change how you handle the next step of that interaction."
Autism,lived_only,Lived experience,2022-2026,3,2022,2026,6,2025,89e621376d9c480a,tashangame.online,autism,target_sentence,13,0.4983949872166973,0.9983503794127351,7.381081445655826,0.09694546000222293,3031,2303,2053,"impulsive, decision, cost, play, strategy","Impulsive decisions will cost you many , and thus, always play with <t>autism</t> & strategy."
Autism,lived_only,Lived experience,2022-2026,3,2022,2026,7,2025,4b127a3248f1a2da,autismeastmidlands.org.uk,autism,target_sentence,58,0.4911958891777345,0.998020455295282,7.248718283268897,0.09694546000222293,3031,2303,2053,"week, apprentice, jacob, soons, marketing, blog, august, share","... ng Apprentice by Jacob Soons - Blog August 21, 2025 Apprentice Jacob Soons shares his experiences from his first two weeks at <t>Autism</t> East Midlands Hi, I am Jacob Soons, I am 20 years old, and I am nearing the end of my first two weeks as a Marketing and ..."
Autism,lived_only,Lived experience,2022-2026,3,2022,2026,8,2023,2547b46be1fb6f08,myautistictherapist.com,autistic,target_sentence,23,0.47999646833743737,0.9976905311778291,7.0428048825483,0.09694546000222293,3031,2303,2053,"funny, extreme, way, living, actually, cause, think",What’s funny is that this very <t>autistic</t> extreme way of living is actually what caused me NOT to think I was autistic.
Autism,lived_only,Lived experience,2022-2026,3,2022,2026,9,2022,a0bb4fb7fd271ce7,charleston-rotary.org,autism,target_sentence,25,0.47893673360240463,0.9973606070603761,7.023320519359878,0.09694546000222293,3031,2303,2053,"lowcountry, commit, enhance, life, individual, disorder, family, individually","Lowcountry <t>Autism</t> is committed to enhancing the lives of individuals with Autism Spectrum Disorder and their families through individually designed programming, advocacy, and awareness efforts."
Autism,lived_only,Lived experience,2022-2026,3,2022,2026,10,2023,36141d26992a1665,iacat.me,autistic,target_sentence,33,0.46490845443658757,0.9970306829429231,6.765395514979503,0.09694546000222293,3031,2303,2053,"mild, perception, human, world, city, crowd, suddenly, burden","My mild <t>autistic</t> perception of humans, the world, cities, and crowds, suddenly is not a burden or weakness, but a power and strength that I can use, and rely on in the wild."
