analysis_unit,frame_stratum,frame_label,period,period_order,period_start,period_end,contribution_direction,rank,collocate,collocate_type,same_target_vocabulary_collocate,other_target_vocabulary_collocate,occurrences,documents,arousal,weighted_arousal_contribution,arousal_contribution_to_cell_mean,match_share,total_matches_for_cell,total_documents_for_cell,arousal_mean_for_cell
ADHD,substantive_core_overall,Overall,2014-2017,1,2014,2017,arousal_lowering,1,add,unigram,True,False,549,464,-0.105,-57.644999999999996,-0.0027064650922578523,0.025775858021503357,21299,4203,0.020159733633816925
ADHD,substantive_core_overall,Overall,2014-2017,1,2014,2017,arousal_lowering,2,treatment,unigram,False,False,214,185,-0.228,-48.792,-0.0022908117752007138,0.010047420066669796,21299,4203,0.020159733633816925
ADHD,substantive_core_overall,Overall,2014-2017,1,2014,2017,arousal_lowering,3,patient,unigram,False,False,74,68,-0.614,-45.436,-0.002133245692286023,0.0034743415183811446,21299,4203,0.020159733633816925
ADHD,substantive_core_overall,Overall,2014-2017,1,2014,2017,arousal_lowering,4,student,unigram,False,False,116,91,-0.364,-42.224,-0.0019824404901638572,0.00544626508286774,21299,4203,0.020159733633816925
ADHD,substantive_core_overall,Overall,2014-2017,1,2014,2017,arousal_lowering,5,common,unigram,False,False,53,53,-0.7459999999999999,-39.538,-0.0018563312831588335,0.002488379736137847,21299,4203,0.020159733633816925
ADHD,substantive_core_overall,Overall,2014-2017,1,2014,2017,arousal_raising,1,disorder,unigram,False,False,383,336,0.53,202.99,0.009530494389407954,0.017982064885675383,21299,4203,0.020159733633816925
ADHD,substantive_core_overall,Overall,2014-2017,1,2014,2017,arousal_raising,2,anxiety,unigram,False,False,215,204,0.73,156.95,0.007368890558242171,0.010094370627729,21299,4203,0.020159733633816925
ADHD,substantive_core_overall,Overall,2014-2017,1,2014,2017,arousal_raising,3,hyperactivity,unigram,True,False,94,90,1.0,94.0,0.004413352739565238,0.004413352739565238,21299,4203,0.020159733633816925
ADHD,substantive_core_overall,Overall,2014-2017,1,2014,2017,arousal_raising,4,drug,unigram,False,False,123,109,0.5419999999999999,66.666,0.0031300061035729374,0.005774919010282173,21299,4203,0.020159733633816925
ADHD,substantive_core_overall,Overall,2014-2017,1,2014,2017,arousal_raising,5,suffer,unigram,False,False,97,93,0.629,61.013,0.002864594581905254,0.004554204422742852,21299,4203,0.020159733633816925
ADHD,substantive_core_overall,Overall,2018-2021,2,2018,2021,arousal_lowering,1,add,unigram,True,False,510,402,-0.105,-53.55,-0.002724497583312134,0.025947596031544135,19655,3901,0.029389437802085985
ADHD,substantive_core_overall,Overall,2018-2021,2,2018,2021,arousal_lowering,2,sleep,unigram,False,False,59,49,-0.8063333333333333,-47.57366666666667,-0.0024204358517764778,0.003001780717374714,19655,3901,0.029389437802085985
ADHD,substantive_core_overall,Overall,2018-2021,2,2018,2021,arousal_lowering,3,student,unigram,False,False,119,97,-0.36399999999999993,-43.315999999999995,-0.0022038158229458153,0.006054439074026965,19655,3901,0.029389437802085985
ADHD,substantive_core_overall,Overall,2018-2021,2,2018,2021,arousal_lowering,4,include,unigram,False,False,207,202,-0.18066666666666667,-37.398,-0.0019027219537013484,0.010531671330450267,19655,3901,0.029389437802085985
ADHD,substantive_core_overall,Overall,2018-2021,2,2018,2021,arousal_lowering,5,narcolepsy,unigram,False,False,37,35,-1.0,-37.0,-0.0018824726532688883,0.0018824726532688883,19655,3901,0.029389437802085985
ADHD,substantive_core_overall,Overall,2018-2021,2,2018,2021,arousal_raising,1,anxiety,unigram,False,False,306,295,0.73,223.38,0.011365047061816331,0.015568557618926481,19655,3901,0.029389437802085985
ADHD,substantive_core_overall,Overall,2018-2021,2,2018,2021,arousal_raising,2,disorder,unigram,False,False,394,349,0.53,208.82000000000002,0.010624268633935386,0.020045789875349784,19655,3901,0.029389437802085985
ADHD,substantive_core_overall,Overall,2018-2021,2,2018,2021,arousal_raising,3,hyperactivity,unigram,True,False,86,79,1.0,86.0,0.004375476977868227,0.004375476977868227,19655,3901,0.029389437802085985
ADHD,substantive_core_overall,Overall,2018-2021,2,2018,2021,arousal_raising,4,issue,unigram,False,False,111,106,0.5900000000000001,65.49000000000001,0.003331976596285933,0.005647417959806665,19655,3901,0.029389437802085985
ADHD,substantive_core_overall,Overall,2018-2021,2,2018,2021,arousal_raising,5,suffer,unigram,False,False,99,96,0.629,62.271,0.003168201475451539,0.005036886288476215,19655,3901,0.029389437802085985
ADHD,substantive_core_overall,Overall,2022-2026,3,2022,2026,arousal_lowering,1,individual,unigram,False,False,127,119,-0.346,-43.942,-0.0024809168925022584,0.007170280036133694,17712,3215,0.019362843458295698
ADHD,substantive_core_overall,Overall,2022-2026,3,2022,2026,arousal_lowering,2,common,unigram,False,False,54,50,-0.746,-40.284,-0.002274390243902439,0.003048780487804878,17712,3215,0.019362843458295698
ADHD,substantive_core_overall,Overall,2022-2026,3,2022,2026,arousal_lowering,3,treatment,unigram,False,False,153,127,-0.228,-34.884,-0.0019695121951219512,0.008638211382113821,17712,3215,0.019362843458295698
ADHD,substantive_core_overall,Overall,2022-2026,3,2022,2026,arousal_lowering,4,include,unigram,False,False,179,173,-0.18066666666666667,-32.339333333333336,-0.0018258431195423068,0.010106142728093948,17712,3215,0.019362843458295698
ADHD,substantive_core_overall,Overall,2022-2026,3,2022,2026,arousal_lowering,5,patient,unigram,False,False,50,45,-0.614,-30.7,-0.0017332881662149955,0.002822944896115628,17712,3215,0.019362843458295698
ADHD,substantive_core_overall,Overall,2022-2026,3,2022,2026,arousal_raising,1,anxiety,unigram,False,False,268,247,0.73,195.64,0.011045618789521228,0.015130984643179765,17712,3215,0.019362843458295698
ADHD,substantive_core_overall,Overall,2022-2026,3,2022,2026,arousal_raising,2,disorder,unigram,False,False,287,259,0.53,152.11,0.008587962962962964,0.016203703703703703,17712,3215,0.019362843458295698
ADHD,substantive_core_overall,Overall,2022-2026,3,2022,2026,arousal_raising,3,challenge,unigram,False,False,82,79,0.7555000000000001,61.95100000000001,0.0034976851851851857,0.004629629629629629,17712,3215,0.019362843458295698
ADHD,substantive_core_overall,Overall,2022-2026,3,2022,2026,arousal_raising,4,struggle,unigram,False,False,76,74,0.7575000000000001,57.57000000000001,0.0032503387533875344,0.004290876242095754,17712,3215,0.019362843458295698
ADHD,substantive_core_overall,Overall,2022-2026,3,2022,2026,arousal_raising,5,hyperactivity,unigram,True,False,47,45,1.0,47.0,0.00265356820234869,0.00265356820234869,17712,3215,0.019362843458295698
ADHD,clinical_only,Clinical,2014-2017,1,2014,2017,arousal_lowering,1,treatment,unigram,False,False,197,169,-0.228,-44.916000000000004,-0.0028768334080573883,0.012617690386216615,15613,3073,0.02894162877089605
ADHD,clinical_only,Clinical,2014-2017,1,2014,2017,arousal_lowering,2,add,unigram,True,False,423,366,-0.105,-44.415,-0.0028447447639787355,0.027092807275987958,15613,3073,0.02894162877089605
ADHD,clinical_only,Clinical,2014-2017,1,2014,2017,arousal_lowering,3,patient,unigram,False,False,71,65,-0.614,-43.594,-0.0027921603791712037,0.0045474924742202015,15613,3073,0.02894162877089605
ADHD,clinical_only,Clinical,2014-2017,1,2014,2017,arousal_lowering,4,common,unigram,False,False,47,47,-0.746,-35.062,-0.002245692691987446,0.003010311919554218,15613,3073,0.02894162877089605
ADHD,clinical_only,Clinical,2014-2017,1,2014,2017,arousal_lowering,5,include,unigram,False,False,188,183,-0.18066666666666667,-33.965333333333334,-0.002175452080531181,0.012041247678216871,15613,3073,0.02894162877089605
ADHD,clinical_only,Clinical,2014-2017,1,2014,2017,arousal_raising,1,disorder,unigram,False,False,314,272,0.53,166.42000000000002,0.01065906616281304,0.020111445590213283,15613,3073,0.02894162877089605
ADHD,clinical_only,Clinical,2014-2017,1,2014,2017,arousal_raising,2,anxiety,unigram,False,False,179,168,0.73,130.67,0.008369307628258502,0.011464804970217127,15613,3073,0.02894162877089605
ADHD,clinical_only,Clinical,2014-2017,1,2014,2017,arousal_raising,3,hyperactivity,unigram,True,False,85,81,1.0,85.0,0.005444181131108692,0.005444181131108692,15613,3073,0.02894162877089605
ADHD,clinical_only,Clinical,2014-2017,1,2014,2017,arousal_raising,4,drug,unigram,False,False,113,102,0.5419999999999999,61.245999999999995,0.003922756677128034,0.007237558444885672,15613,3073,0.02894162877089605
ADHD,clinical_only,Clinical,2014-2017,1,2014,2017,arousal_raising,5,suffer,unigram,False,False,66,65,0.629,41.514,0.002658938064433485,0.004227246525331454,15613,3073,0.02894162877089605
ADHD,clinical_only,Clinical,2018-2021,2,2018,2021,arousal_lowering,1,add,unigram,True,False,380,293,-0.105,-39.9,-0.002875261223607408,0.027383440224832457,13877,2742,0.03664666954913406
ADHD,clinical_only,Clinical,2018-2021,2,2018,2021,arousal_lowering,2,sleep,unigram,False,False,48,39,-0.8063333333333333,-38.704,-0.002789075448583988,0.0034589608705051524,13877,2742,0.03664666954913406
ADHD,clinical_only,Clinical,2018-2021,2,2018,2021,arousal_lowering,3,narcolepsy,unigram,False,False,37,35,-1.0,-37.0,-0.002666282337681055,0.002666282337681055,13877,2742,0.03664666954913406
ADHD,clinical_only,Clinical,2018-2021,2,2018,2021,arousal_lowering,4,treatment,unigram,False,False,149,130,-0.228,-33.972,-0.0024480795561000216,0.01073719103552641,13877,2742,0.03664666954913406
ADHD,clinical_only,Clinical,2018-2021,2,2018,2021,arousal_lowering,5,patient,unigram,False,False,54,52,-0.614,-33.156,-0.0023892772213014338,0.0038913309793182963,13877,2742,0.03664666954913406
ADHD,clinical_only,Clinical,2018-2021,2,2018,2021,arousal_raising,1,disorder,unigram,False,False,337,294,0.53,178.61,0.012870937522519277,0.024284787778338257,13877,2742,0.03664666954913406
ADHD,clinical_only,Clinical,2018-2021,2,2018,2021,arousal_raising,2,anxiety,unigram,False,False,227,222,0.73,165.71,0.011941341788571017,0.016358002450097282,13877,2742,0.03664666954913406
ADHD,clinical_only,Clinical,2018-2021,2,2018,2021,arousal_raising,3,hyperactivity,unigram,True,False,78,71,1.0,78.0,0.005620811414570872,0.005620811414570872,13877,2742,0.03664666954913406
ADHD,clinical_only,Clinical,2018-2021,2,2018,2021,arousal_raising,4,suffer,unigram,False,False,73,71,0.629,45.917,0.0033088563810621894,0.005260502990559919,13877,2742,0.03664666954913406
ADHD,clinical_only,Clinical,2018-2021,2,2018,2021,arousal_raising,5,issue,unigram,False,False,75,70,0.5900000000000001,44.25000000000001,0.003188729552496938,0.0054046263601643,13877,2742,0.03664666954913406
ADHD,clinical_only,Clinical,2022-2026,3,2022,2026,arousal_lowering,1,treatment,unigram,False,False,140,114,-0.228,-31.92,-0.002829285587661762,0.012409147314305974,11282,2088,0.02974434645157478
ADHD,clinical_only,Clinical,2022-2026,3,2022,2026,arousal_lowering,2,common,unigram,False,False,40,37,-0.746,-29.84,-0.0026449211132777875,0.003545470661230278,11282,2088,0.02974434645157478
ADHD,clinical_only,Clinical,2022-2026,3,2022,2026,arousal_lowering,3,individual,unigram,False,False,83,78,-0.346,-28.717999999999996,-0.002545470661230278,0.007356851622052828,11282,2088,0.02974434645157478
ADHD,clinical_only,Clinical,2022-2026,3,2022,2026,arousal_lowering,4,patient,unigram,False,False,44,40,-0.614,-27.016,-0.00239461088459493,0.003900017727353306,11282,2088,0.02974434645157478
ADHD,clinical_only,Clinical,2022-2026,3,2022,2026,arousal_lowering,5,sleep,unigram,False,False,31,26,-0.8063333333333333,-24.996333333333332,-0.0022155941617916443,0.0027477397624534657,11282,2088,0.02974434645157478
ADHD,clinical_only,Clinical,2022-2026,3,2022,2026,arousal_raising,1,anxiety,unigram,False,False,208,193,0.73,151.84,0.013458606630030137,0.01843644743839745,11282,2088,0.02974434645157478
ADHD,clinical_only,Clinical,2022-2026,3,2022,2026,arousal_raising,2,disorder,unigram,False,False,230,208,0.53,121.9,0.010804821840099274,0.0203864563020741,11282,2088,0.02974434645157478
ADHD,clinical_only,Clinical,2022-2026,3,2022,2026,arousal_raising,3,hyperactivity,unigram,True,False,46,44,1.0,46.0,0.00407729126041482,0.00407729126041482,11282,2088,0.02974434645157478
ADHD,clinical_only,Clinical,2022-2026,3,2022,2026,arousal_raising,4,issue,unigram,False,False,63,61,0.5900000000000001,37.17,0.0032946286119482364,0.005584116291437688,11282,2088,0.02974434645157478
ADHD,clinical_only,Clinical,2022-2026,3,2022,2026,arousal_raising,5,struggle,unigram,False,False,39,37,0.7575000000000001,29.542500000000004,0.0026185516752348877,0.0034568338946995214,11282,2088,0.02974434645157478
ADHD,lived_only,Lived experience,2014-2017,1,2014,2017,arousal_lowering,1,parent,unigram,False,False,44,38,-0.286,-12.584,-0.0036655986018060004,0.012816778327993009,3433,893,-0.007468831925429652
ADHD,lived_only,Lived experience,2014-2017,1,2014,2017,arousal_lowering,2,student,unigram,False,False,24,20,-0.36400000000000005,-8.736,-0.002544713078939703,0.006990969997087096,3433,893,-0.007468831925429652
ADHD,lived_only,Lived experience,2014-2017,1,2014,2017,arousal_lowering,3,add,unigram,True,False,81,70,-0.10499999999999998,-8.504999999999999,-0.0024774249927177394,0.02359452374016895,3433,893,-0.007468831925429652
ADHD,lived_only,Lived experience,2014-2017,1,2014,2017,arousal_lowering,4,son,unigram,False,False,29,28,-0.27,-7.83,-0.002280803961549665,0.008447422079813574,3433,893,-0.007468831925429652
ADHD,lived_only,Lived experience,2014-2017,1,2014,2017,arousal_lowering,5,read,unigram,False,False,14,11,-0.534,-7.476000000000001,-0.0021776871540926308,0.00407806583163414,3433,893,-0.007468831925429652
ADHD,lived_only,Lived experience,2014-2017,1,2014,2017,arousal_raising,1,anxiety,unigram,False,False,24,24,0.73,17.52,0.00510340809787358,0.006990969997087096,3433,893,-0.007468831925429652
ADHD,lived_only,Lived experience,2014-2017,1,2014,2017,arousal_raising,2,suffer,unigram,False,False,23,23,0.629,14.467,0.004214098456160793,0.0066996795805418004,3433,893,-0.007468831925429652
ADHD,lived_only,Lived experience,2014-2017,1,2014,2017,arousal_raising,3,struggle,unigram,False,False,16,16,0.7575000000000001,12.120000000000001,0.003530439848528984,0.00466064666472473,3433,893,-0.007468831925429652
ADHD,lived_only,Lived experience,2014-2017,1,2014,2017,arousal_raising,4,disorder,unigram,False,False,22,21,0.53,11.66,0.0033964462569181474,0.006408389163996504,3433,893,-0.007468831925429652
ADHD,lived_only,Lived experience,2014-2017,1,2014,2017,arousal_raising,5,challenge,unigram,False,False,15,13,0.7555000000000001,11.332500000000001,0.0033010486454995635,0.004369356248179435,3433,893,-0.007468831925429652
ADHD,lived_only,Lived experience,2018-2021,2,2018,2021,arousal_lowering,1,student,unigram,False,False,48,38,-0.36400000000000005,-17.472,-0.0048318584070796465,0.01327433628318584,3616,901,0.005504507743362833
ADHD,lived_only,Lived experience,2018-2021,2,2018,2021,arousal_lowering,2,add,unigram,True,False,85,75,-0.10499999999999998,-8.924999999999999,-0.002468196902654867,0.02350663716814159,3616,901,0.005504507743362833
ADHD,lived_only,Lived experience,2018-2021,2,2018,2021,arousal_lowering,3,dyslexia,unigram,False,False,48,48,-0.167,-8.016,-0.0022168141592920354,0.01327433628318584,3616,901,0.005504507743362833
ADHD,lived_only,Lived experience,2018-2021,2,2018,2021,arousal_lowering,4,autistic,unigram,False,True,20,18,-0.326,-6.5200000000000005,-0.0018030973451327436,0.0055309734513274336,3616,901,0.005504507743362833
ADHD,lived_only,Lived experience,2018-2021,2,2018,2021,arousal_lowering,5,people,unigram,False,False,40,35,-0.15000000000000002,-6.000000000000001,-0.0016592920353982303,0.011061946902654867,3616,901,0.005504507743362833
ADHD,lived_only,Lived experience,2018-2021,2,2018,2021,arousal_raising,1,anxiety,unigram,False,False,51,51,0.73,37.23,0.010295907079646017,0.014103982300884955,3616,901,0.005504507743362833
ADHD,lived_only,Lived experience,2018-2021,2,2018,2021,arousal_raising,2,challenge,unigram,False,False,29,24,0.7555000000000001,21.9095,0.006059043141592921,0.008019911504424779,3616,901,0.005504507743362833
ADHD,lived_only,Lived experience,2018-2021,2,2018,2021,arousal_raising,3,disorder,unigram,False,False,30,29,0.53,15.9,0.0043971238938053095,0.008296460176991151,3616,901,0.005504507743362833
ADHD,lived_only,Lived experience,2018-2021,2,2018,2021,arousal_raising,4,struggle,unigram,False,False,18,17,0.7575000000000001,13.635000000000002,0.003770741150442478,0.00497787610619469,3616,901,0.005504507743362833
ADHD,lived_only,Lived experience,2018-2021,2,2018,2021,arousal_raising,5,issue,unigram,False,False,17,17,0.5900000000000001,10.030000000000001,0.0027737831858407084,0.004701327433628319,3616,901,0.005504507743362833
ADHD,lived_only,Lived experience,2022-2026,3,2022,2026,arousal_lowering,1,autistic,unigram,False,True,58,51,-0.326,-18.908,-0.004505122706695259,0.013819394805813677,4197,908,0.0011107497418791205
ADHD,lived_only,Lived experience,2022-2026,3,2022,2026,arousal_lowering,2,dyslexia,unigram,False,False,88,83,-0.167,-14.696000000000002,-0.003501548725279962,0.020967357636406957,4197,908,0.0011107497418791205
ADHD,lived_only,Lived experience,2022-2026,3,2022,2026,arousal_lowering,3,individual,unigram,False,False,32,30,-0.346,-11.072,-0.002638074815344293,0.007624493685966166,4197,908,0.0011107497418791205
ADHD,lived_only,Lived experience,2022-2026,3,2022,2026,arousal_lowering,4,student,unigram,False,False,29,24,-0.364,-10.556,-0.0025151298546580887,0.006909697402906838,4197,908,0.0011107497418791205
ADHD,lived_only,Lived experience,2022-2026,3,2022,2026,arousal_lowering,5,people,unigram,False,False,69,60,-0.15000000000000002,-10.350000000000001,-0.002466047176554682,0.016440314510364547,4197,908,0.0011107497418791205
ADHD,lived_only,Lived experience,2022-2026,3,2022,2026,arousal_raising,1,challenge,unigram,False,False,34,31,0.7555000000000001,25.687,0.006120324040981654,0.008101024541339052,4197,908,0.0011107497418791205
ADHD,lived_only,Lived experience,2022-2026,3,2022,2026,arousal_raising,2,anxiety,unigram,False,False,32,30,0.73,23.36,0.005565880390755301,0.007624493685966166,4197,908,0.0011107497418791205
ADHD,lived_only,Lived experience,2022-2026,3,2022,2026,arousal_raising,3,struggle,unigram,False,False,27,27,0.7575000000000001,20.4525,0.00487312365975697,0.006433166547533953,4197,908,0.0011107497418791205
ADHD,lived_only,Lived experience,2022-2026,3,2022,2026,arousal_raising,4,disorder,unigram,False,False,34,31,0.53,18.02,0.004293543006909697,0.008101024541339052,4197,908,0.0011107497418791205
ADHD,lived_only,Lived experience,2022-2026,3,2022,2026,arousal_raising,5,spectrum,unigram,False,True,26,22,0.4,10.4,0.002477960447939004,0.0061949011198475104,4197,908,0.0011107497418791205
Autism,substantive_core_overall,Overall,2014-2017,1,2014,2017,arousal_lowering,1,link,unigram,False,False,416,376,-0.4719999999999999,-196.35199999999998,-0.0032332493536860476,0.006850104562894169,60729,10065,0.005642004094693916
Autism,substantive_core_overall,Overall,2014-2017,1,2014,2017,arousal_lowering,2,family,unigram,False,False,301,278,-0.4085,-122.95849999999999,-0.002024708129559189,0.0049564458495940985,60729,10065,0.005642004094693916
Autism,substantive_core_overall,Overall,2014-2017,1,2014,2017,arousal_lowering,3,individual,unigram,False,False,354,304,-0.346,-122.484,-0.002016894729042138,0.005829175517462827,60729,10065,0.005642004094693916
Autism,substantive_core_overall,Overall,2014-2017,1,2014,2017,arousal_lowering,4,center,unigram,False,False,217,177,-0.538,-116.74600000000001,-0.0019224093925472182,0.0035732516590096988,60729,10065,0.005642004094693916
Autism,substantive_core_overall,Overall,2014-2017,1,2014,2017,arousal_lowering,5,people,unigram,False,False,742,607,-0.15000000000000002,-111.30000000000001,-0.0018327323025243295,0.012218215350162195,60729,10065,0.005642004094693916
Autism,substantive_core_overall,Overall,2014-2017,1,2014,2017,arousal_raising,1,disorder,unigram,False,False,2685,2101,0.53,1423.0500000000002,0.023432791582275358,0.04421281430617991,60729,10065,0.005642004094693916
Autism,substantive_core_overall,Overall,2014-2017,1,2014,2017,arousal_raising,2,developmental,unigram,False,False,415,382,0.667,276.805,0.0045580365229132705,0.006833637965387212,60729,10065,0.005642004094693916
Autism,substantive_core_overall,Overall,2014-2017,1,2014,2017,arousal_raising,3,spectrum,unigram,True,False,515,457,0.4,206.0,0.0033921190864331704,0.008480297716082925,60729,10065,0.005642004094693916
Autism,substantive_core_overall,Overall,2014-2017,1,2014,2017,arousal_raising,4,schizophrenia,unigram,False,False,200,167,0.76,152.0,0.002502922821057485,0.0032933195013914274,60729,10065,0.005642004094693916
Autism,substantive_core_overall,Overall,2014-2017,1,2014,2017,arousal_raising,5,boy,unigram,False,False,225,212,0.593,133.42499999999998,0.002197055772365756,0.003704984439065356,60729,10065,0.005642004094693916
Autism,substantive_core_overall,Overall,2018-2021,2,2018,2021,arousal_lowering,1,people,unigram,False,False,871,709,-0.15,-130.65,-0.002675170973422335,0.0178344731561489,48838,8243,0.00757889348458168
Autism,substantive_core_overall,Overall,2018-2021,2,2018,2021,arousal_lowering,2,individual,unigram,False,False,339,300,-0.346,-117.294,-0.002401695401122077,0.006941316188214096,48838,8243,0.00757889348458168
Autism,substantive_core_overall,Overall,2018-2021,2,2018,2021,arousal_lowering,3,family,unigram,False,False,251,226,-0.4085,-102.53349999999999,-0.002099461484909292,0.00513944059953315,48838,8243,0.00757889348458168
Autism,substantive_core_overall,Overall,2018-2021,2,2018,2021,arousal_lowering,4,student,unigram,False,False,263,224,-0.364,-95.732,-0.0019601949301773208,0.005385150907080552,48838,8243,0.00757889348458168
Autism,substantive_core_overall,Overall,2018-2021,2,2018,2021,arousal_lowering,5,center,unigram,False,False,151,126,-0.538,-81.238,-0.0016634178303779844,0.0030918547033048035,48838,8243,0.00757889348458168
Autism,substantive_core_overall,Overall,2018-2021,2,2018,2021,arousal_raising,1,disorder,unigram,False,False,2238,1753,0.53,1186.14,0.024287235349522915,0.0458249723575904,48838,8243,0.00757889348458168
Autism,substantive_core_overall,Overall,2018-2021,2,2018,2021,arousal_raising,2,developmental,unigram,False,False,321,300,0.667,214.107,0.004384024734837627,0.006572750726892993,48838,8243,0.00757889348458168
Autism,substantive_core_overall,Overall,2018-2021,2,2018,2021,arousal_raising,3,spectrum,unigram,True,False,452,383,0.4,180.8,0.003702035300380851,0.009255088250952127,48838,8243,0.00757889348458168
Autism,substantive_core_overall,Overall,2018-2021,2,2018,2021,arousal_raising,4,challenge,unigram,False,False,138,131,0.7555000000000001,104.25900000000001,0.0021347925795487123,0.0028256685367951187,48838,8243,0.00757889348458168
Autism,substantive_core_overall,Overall,2018-2021,2,2018,2021,arousal_raising,5,anxiety,unigram,False,False,138,131,0.73,100.74,0.0020627380318604363,0.0028256685367951187,48838,8243,0.00757889348458168
Autism,substantive_core_overall,Overall,2022-2026,3,2022,2026,arousal_lowering,1,individual,unigram,False,False,477,392,-0.34600000000000003,-165.042,-0.004701917324292755,0.013589356428591779,35101,5741,0.01664056294692459
Autism,substantive_core_overall,Overall,2022-2026,3,2022,2026,arousal_lowering,2,people,unigram,False,False,564,460,-0.15000000000000002,-84.60000000000001,-0.0024101877439389194,0.01606791829292613,35101,5741,0.01664056294692459
Autism,substantive_core_overall,Overall,2022-2026,3,2022,2026,arousal_lowering,3,family,unigram,False,False,199,185,-0.4085,-81.2915,-0.0023159311700521354,0.005669354149454431,35101,5741,0.01664056294692459
Autism,substantive_core_overall,Overall,2022-2026,3,2022,2026,arousal_lowering,4,student,unigram,False,False,162,143,-0.364,-58.967999999999996,-0.001679952138115723,0.004615253126691548,35101,5741,0.01664056294692459
Autism,substantive_core_overall,Overall,2022-2026,3,2022,2026,arousal_lowering,5,center,unigram,False,False,109,87,-0.538,-58.642,-0.0016706646534286774,0.003105324634625794,35101,5741,0.01664056294692459
Autism,substantive_core_overall,Overall,2022-2026,3,2022,2026,arousal_raising,1,disorder,unigram,False,False,1671,1259,0.53,885.63,0.025230905102418735,0.04760548132531837,35101,5741,0.01664056294692459
Autism,substantive_core_overall,Overall,2022-2026,3,2022,2026,arousal_raising,2,developmental,unigram,False,False,244,230,0.667,162.74800000000002,0.004636563060881457,0.0069513689068687505,35101,5741,0.01664056294692459
Autism,substantive_core_overall,Overall,2022-2026,3,2022,2026,arousal_raising,3,dangerous,unigram,False,False,183,183,0.882,161.406,0.004598330531893679,0.005213526680151562,35101,5741,0.01664056294692459
Autism,substantive_core_overall,Overall,2022-2026,3,2022,2026,arousal_raising,4,obsession,unigram,False,False,179,179,0.694,124.22599999999998,0.0035391014501011363,0.005099569812825846,35101,5741,0.01664056294692459
Autism,substantive_core_overall,Overall,2022-2026,3,2022,2026,arousal_raising,5,anxiety,unigram,False,False,131,123,0.73,95.63,0.0027244238055895843,0.003732087404917239,35101,5741,0.01664056294692459
Autism,clinical_only,Clinical,2014-2017,1,2014,2017,arousal_lowering,1,link,unigram,False,False,367,331,-0.472,-173.224,-0.004970416917735502,0.010530544317236235,34851,5699,0.023674290072977344
Autism,clinical_only,Clinical,2014-2017,1,2014,2017,arousal_lowering,2,center,unigram,False,False,135,112,-0.538,-72.63000000000001,-0.002084014805887923,0.0038736334681931653,34851,5699,0.023674290072977344
Autism,clinical_only,Clinical,2014-2017,1,2014,2017,arousal_lowering,3,individual,unigram,False,False,193,168,-0.346,-66.77799999999999,-0.0019160999684370605,0.005537861180453933,34851,5699,0.023674290072977344
Autism,clinical_only,Clinical,2014-2017,1,2014,2017,arousal_lowering,4,treatment,unigram,False,False,254,226,-0.228,-57.912,-0.0016617026771111301,0.0072881696364523255,34851,5699,0.023674290072977344
Autism,clinical_only,Clinical,2014-2017,1,2014,2017,arousal_lowering,5,include,unigram,False,False,305,286,-0.18066666666666667,-55.10333333333333,-0.0015811119719185485,0.008751542279991966,34851,5699,0.023674290072977344
Autism,clinical_only,Clinical,2014-2017,1,2014,2017,arousal_raising,1,disorder,unigram,False,False,2102,1627,0.53,1114.06,0.031966371122779835,0.060313907778829876,34851,5699,0.023674290072977344
Autism,clinical_only,Clinical,2014-2017,1,2014,2017,arousal_raising,2,developmental,unigram,False,False,303,282,0.667,202.101,0.005799001463372644,0.008694155117500215,34851,5699,0.023674290072977344
Autism,clinical_only,Clinical,2014-2017,1,2014,2017,arousal_raising,3,schizophrenia,unigram,False,False,192,161,0.7600000000000001,145.92000000000002,0.004186967375398124,0.005509167599208057,34851,5699,0.023674290072977344
Autism,clinical_only,Clinical,2014-2017,1,2014,2017,arousal_raising,4,risk,unigram,False,False,187,164,0.632,118.184,0.003391122205962526,0.00536569969297868,34851,5699,0.023674290072977344
Autism,clinical_only,Clinical,2014-2017,1,2014,2017,arousal_raising,5,spectrum,unigram,True,False,261,234,0.4,104.4,0.0029956098820693813,0.007489024705173453,34851,5699,0.023674290072977344
Autism,clinical_only,Clinical,2018-2021,2,2018,2021,arousal_lowering,1,link,unigram,False,False,141,129,-0.4719999999999999,-66.55199999999999,-0.0026082458065527507,0.005525944505408371,25516,4320,0.03176428842033757
Autism,clinical_only,Clinical,2018-2021,2,2018,2021,arousal_lowering,2,individual,unigram,False,False,152,137,-0.346,-52.592,-0.0020611381094215392,0.00595704655902179,25516,4320,0.03176428842033757
Autism,clinical_only,Clinical,2018-2021,2,2018,2021,arousal_lowering,3,center,unigram,False,False,94,77,-0.538,-50.572,-0.001981972095939803,0.003683963003605581,25516,4320,0.03176428842033757
Autism,clinical_only,Clinical,2018-2021,2,2018,2021,arousal_lowering,4,include,unigram,False,False,270,256,-0.18066666666666667,-48.78,-0.0019117416522965983,0.010581595861420285,25516,4320,0.03176428842033757
Autism,clinical_only,Clinical,2018-2021,2,2018,2021,arousal_lowering,5,patient,unigram,False,False,72,70,-0.614,-44.208,-0.001732559962376548,0.0028217588963787427,25516,4320,0.03176428842033757
Autism,clinical_only,Clinical,2018-2021,2,2018,2021,arousal_raising,1,disorder,unigram,False,False,1753,1351,0.53,929.09,0.036412055181062865,0.06870199090766578,25516,4320,0.03176428842033757
Autism,clinical_only,Clinical,2018-2021,2,2018,2021,arousal_raising,2,developmental,unigram,False,False,219,202,0.667,146.073,0.0057247609343157235,0.008582849976485342,25516,4320,0.03176428842033757
Autism,clinical_only,Clinical,2018-2021,2,2018,2021,arousal_raising,3,spectrum,unigram,True,False,268,227,0.4,107.2,0.004201285467941684,0.01050321366985421,25516,4320,0.03176428842033757
Autism,clinical_only,Clinical,2018-2021,2,2018,2021,arousal_raising,4,schizophrenia,unigram,False,False,117,108,0.76,88.92,0.0034848722370277472,0.004585358206615457,25516,4320,0.03176428842033757
Autism,clinical_only,Clinical,2018-2021,2,2018,2021,arousal_raising,5,hyperactivity,unigram,False,True,75,73,1.0,75.0,0.002939332183727857,0.002939332183727857,25516,4320,0.03176428842033757
Autism,clinical_only,Clinical,2022-2026,3,2022,2026,arousal_lowering,1,individual,unigram,False,False,237,197,-0.346,-82.002,-0.0045721773069417335,0.013214385280178422,17935,2913,0.035414257039308616
Autism,clinical_only,Clinical,2022-2026,3,2022,2026,arousal_lowering,2,therapy,unigram,False,False,130,108,-0.294,-38.22,-0.002131028714803457,0.007248396989127405,17935,2913,0.035414257039308616
Autism,clinical_only,Clinical,2022-2026,3,2022,2026,arousal_lowering,3,link,unigram,False,False,78,74,-0.4719999999999999,-36.815999999999995,-0.0020527460273208806,0.004349038193476443,17935,2913,0.035414257039308616
Autism,clinical_only,Clinical,2022-2026,3,2022,2026,arousal_lowering,4,include,unigram,False,False,179,167,-0.18066666666666667,-32.339333333333336,-0.001803140972028622,0.009980485085029273,17935,2913,0.035414257039308616
Autism,clinical_only,Clinical,2022-2026,3,2022,2026,arousal_lowering,5,treatment,unigram,False,False,134,120,-0.228,-30.552,-0.0017034848062447727,0.007471424588792863,17935,2913,0.035414257039308616
Autism,clinical_only,Clinical,2022-2026,3,2022,2026,arousal_raising,1,disorder,unigram,False,False,1314,985,0.53,696.4200000000001,0.03883022023975467,0.07326456649010316,17935,2913,0.035414257039308616
Autism,clinical_only,Clinical,2022-2026,3,2022,2026,arousal_raising,2,developmental,unigram,False,False,186,178,0.667,124.06200000000001,0.006917312517424032,0.010370783384443825,17935,2913,0.035414257039308616
Autism,clinical_only,Clinical,2022-2026,3,2022,2026,arousal_raising,3,schizophrenia,unigram,False,False,81,71,0.76,61.56,0.003432394758851408,0.004516308893225537,17935,2913,0.035414257039308616
Autism,clinical_only,Clinical,2022-2026,3,2022,2026,arousal_raising,4,anxiety,unigram,False,False,79,76,0.73,57.67,0.0032155004181767493,0.004404795093392808,17935,2913,0.035414257039308616
Autism,clinical_only,Clinical,2022-2026,3,2022,2026,arousal_raising,5,hyperactivity,unigram,False,True,55,54,1.0,55.0,0.0030666294954000556,0.0030666294954000556,17935,2913,0.035414257039308616
Autism,lived_only,Lived experience,2014-2017,1,2014,2017,arousal_lowering,1,son,unigram,False,False,262,244,-0.27,-70.74000000000001,-0.0041902618173202235,0.01551948821229712,16882,3537,-0.021063889547052086
Autism,lived_only,Lived experience,2014-2017,1,2014,2017,arousal_lowering,2,family,unigram,False,False,135,128,-0.4085,-55.147499999999994,-0.0032666449472811276,0.007996682857481341,16882,3537,-0.021063889547052086
Autism,lived_only,Lived experience,2014-2017,1,2014,2017,arousal_lowering,3,people,unigram,False,False,330,269,-0.15000000000000002,-49.50000000000001,-0.002932117047743159,0.01954744698495439,16882,3537,-0.021063889547052086
Autism,lived_only,Lived experience,2014-2017,1,2014,2017,arousal_lowering,4,parent,unigram,False,False,139,129,-0.286,-39.754,-0.0023548157801208387,0.008233621608814122,16882,3537,-0.021063889547052086
Autism,lived_only,Lived experience,2014-2017,1,2014,2017,arousal_lowering,5,student,unigram,False,False,109,94,-0.364,-39.676,-0.0023501954744698495,0.006456580973818268,16882,3537,-0.021063889547052086
Autism,lived_only,Lived experience,2014-2017,1,2014,2017,arousal_raising,1,disorder,unigram,False,False,278,245,0.53,147.34,0.008727638905342968,0.016467243217628245,16882,3537,-0.021063889547052086
Autism,lived_only,Lived experience,2014-2017,1,2014,2017,arousal_raising,2,boy,unigram,False,False,139,134,0.593,82.42699999999999,0.004882537614026774,0.008233621608814122,16882,3537,-0.021063889547052086
Autism,lived_only,Lived experience,2014-2017,1,2014,2017,arousal_raising,3,spectrum,unigram,True,False,178,166,0.4,71.2,0.004217509773723493,0.010543774434308732,16882,3537,-0.021063889547052086
Autism,lived_only,Lived experience,2014-2017,1,2014,2017,arousal_raising,4,challenge,unigram,False,False,58,54,0.7555000000000001,43.819,0.0025956047861627773,0.003435611894325317,16882,3537,-0.021063889547052086
Autism,lived_only,Lived experience,2014-2017,1,2014,2017,arousal_raising,5,developmental,unigram,False,False,57,52,0.6670000000000001,38.019000000000005,0.0022520435967302455,0.003376377206492122,16882,3537,-0.021063889547052086
Autism,lived_only,Lived experience,2018-2021,2,2018,2021,arousal_lowering,1,people,unigram,False,False,424,348,-0.15000000000000002,-63.60000000000001,-0.004196911706480138,0.027979411376534247,15154,3176,-0.025506411948440454
Autism,lived_only,Lived experience,2018-2021,2,2018,2021,arousal_lowering,2,son,unigram,False,False,216,201,-0.27,-58.32000000000001,-0.0038484888478289565,0.014253662399366504,15154,3176,-0.025506411948440454
Autism,lived_only,Lived experience,2018-2021,2,2018,2021,arousal_lowering,3,individual,unigram,False,False,121,108,-0.346,-41.866,-0.0027627029167216575,0.007984690510756237,15154,3176,-0.025506411948440454
Autism,lived_only,Lived experience,2018-2021,2,2018,2021,arousal_lowering,4,family,unigram,False,False,101,93,-0.4085,-41.2585,-0.002722614491223439,0.006664906955259338,15154,3176,-0.025506411948440454
Autism,lived_only,Lived experience,2018-2021,2,2018,2021,arousal_lowering,5,student,unigram,False,False,94,82,-0.364,-34.216,-0.002257885706744094,0.006202982710835423,15154,3176,-0.025506411948440454
Autism,lived_only,Lived experience,2018-2021,2,2018,2021,arousal_raising,1,disorder,unigram,False,False,253,229,0.53,134.09,0.008848488847828956,0.016695261977035768,15154,3176,-0.025506411948440454
Autism,lived_only,Lived experience,2018-2021,2,2018,2021,arousal_raising,2,challenge,unigram,False,False,69,68,0.7555000000000001,52.12950000000001,0.003439982842813779,0.0045532532664643,15154,3176,-0.025506411948440454
Autism,lived_only,Lived experience,2018-2021,2,2018,2021,arousal_raising,3,spectrum,unigram,True,False,105,98,0.4,42.0,0.002771545466543487,0.006928863666358717,15154,3176,-0.025506411948440454
Autism,lived_only,Lived experience,2018-2021,2,2018,2021,arousal_raising,4,boy,unigram,False,False,65,62,0.593,38.545,0.002543552857331398,0.0042892965553649205,15154,3176,-0.025506411948440454
Autism,lived_only,Lived experience,2018-2021,2,2018,2021,arousal_raising,5,struggle,unigram,False,False,48,45,0.7575,36.36,0.0023993665038933615,0.0031674805331925564,15154,3176,-0.025506411948440454
Autism,lived_only,Lived experience,2022-2026,3,2022,2026,arousal_lowering,1,individual,unigram,False,False,147,134,-0.346,-50.861999999999995,-0.004594995031168126,0.013280332460023489,11069,2282,-0.0032046797362001987
Autism,lived_only,Lived experience,2022-2026,3,2022,2026,arousal_lowering,2,people,unigram,False,False,305,245,-0.15000000000000002,-45.75000000000001,-0.004133164694190984,0.02755443129460656,11069,2282,-0.0032046797362001987
Autism,lived_only,Lived experience,2022-2026,3,2022,2026,arousal_lowering,3,family,unigram,False,False,95,89,-0.4085,-38.8075,-0.003505962598247357,0.00858252778028729,11069,2282,-0.0032046797362001987
Autism,lived_only,Lived experience,2022-2026,3,2022,2026,arousal_lowering,4,son,unigram,False,False,137,126,-0.27,-36.99,-0.003341765290450809,0.012376908483151143,11069,2282,-0.0032046797362001987
Autism,lived_only,Lived experience,2022-2026,3,2022,2026,arousal_lowering,5,community,unigram,False,False,55,49,-0.4465,-24.5575,-0.0022185834312042642,0.004968831872797904,11069,2282,-0.0032046797362001987
Autism,lived_only,Lived experience,2022-2026,3,2022,2026,arousal_raising,1,dangerous,unigram,False,False,170,170,0.882,149.94,0.013545939109223958,0.015358207606829885,11069,2282,-0.0032046797362001987
Autism,lived_only,Lived experience,2022-2026,3,2022,2026,arousal_raising,2,obsession,unigram,False,False,171,171,0.694,118.67399999999999,0.01072129370313488,0.01544855000451712,11069,2282,-0.0032046797362001987
Autism,lived_only,Lived experience,2022-2026,3,2022,2026,arousal_raising,3,disorder,unigram,False,False,166,145,0.53,87.98,0.007948324148522902,0.014996838016080948,11069,2282,-0.0032046797362001987
Autism,lived_only,Lived experience,2022-2026,3,2022,2026,arousal_raising,4,challenge,unigram,False,False,43,39,0.7555,32.4865,0.0029349083024663475,0.003884723100551089,11069,2282,-0.0032046797362001987
Autism,lived_only,Lived experience,2022-2026,3,2022,2026,arousal_raising,5,spectrum,unigram,True,False,73,64,0.4,29.200000000000003,0.002637998012467251,0.006594995031168127,11069,2282,-0.0032046797362001987
