lsc_year,analysis_unit,frame_stratum,term_role,target_group,valence_warriner_mean,valence_warriner_sd,valence_scaled_mean,valence_scaled_sd,arousal_warriner_mean_for_reuse,arousal_scaled_mean_for_reuse,dominance_warriner_mean_for_reuse,matched_warriner_units,unique_collocates,documents_with_matches,context_rows,documents,candidate_collocate_tokens,matched_warriner_units_coverage,matched_token_positions,contexts_with_warriner_match,matched_token_coverage,context_match_coverage,small_cell_flag,bootstrap_repetitions,bootstrap_unit,valence_warriner_bootstrap_mean,valence_warriner_ci_low,valence_warriner_ci_high,valence_scaled_bootstrap_mean,valence_scaled_ci_low,valence_scaled_ci_high
2014,ADHD,clinical_only,target,ADHD,5.3985602793181355,1.3249982409220744,0.5498200349147669,0.1656247801152593,4.133536660505237,0.3916920825631547,5.355730129390018,4869,966,800,1286,808,9069,4869,4871,1259,0.5371044216561914,0.97900466562986,False,500,doc_id,5.3963284271242316,5.349560952614358,5.440037346791976,0.5495410533905289,0.5436951190767948,0.555004668348997
2015,ADHD,clinical_only,target,ADHD,5.391706457480673,1.32378802737558,0.5489633071850841,0.1654735034219475,4.1130547976352885,0.3891318497044111,5.392947930877672,4398,957,759,1203,774,8360,4398,4400,1175,0.5263157894736842,0.9767248545303409,False,500,doc_id,5.392022150048217,5.343578576213578,5.437083971291346,0.5490027687560272,0.5429473220266973,0.5546354964114184
2016,ADHD,clinical_only,target,ADHD,5.33172892832127,1.3969458263737096,0.5414661160401587,0.1746182282967137,4.11419215503152,0.38927401937894,5.358084286714919,4283,946,784,1149,790,8030,4283,4284,1136,0.5334993773349938,0.9886858137510879,False,500,doc_id,5.332189785273951,5.2773849716111885,5.378001538620372,0.5415237231592439,0.5346731214513986,0.5472501923275465
2017,ADHD,clinical_only,target,ADHD,5.334540766208251,1.3728825048785591,0.5418175957760314,0.1716103131098199,4.111937622789784,0.388992202848723,5.3336394891945,4072,941,744,1099,751,7593,4072,4077,1075,0.5369419201896484,0.978161965423112,False,500,doc_id,5.334852876396886,5.285196308046907,5.386685224036454,0.5418566095496107,0.5356495385058634,0.5483356530045567
2018,ADHD,clinical_only,target,ADHD,5.363711066931743,1.389671583044695,0.5454638833664679,0.17370894788058688,4.114713938590678,0.38933924232383477,5.377294013695604,4527,979,781,1182,787,8408,4527,4532,1168,0.5390104662226451,0.988155668358714,False,500,doc_id,5.364328428681299,5.31600758948559,5.410043753245807,0.5455410535851624,0.5395009486856988,0.5512554691557259
2019,ADHD,clinical_only,target,ADHD,5.272373409504025,1.4204056588151366,0.5340466761880032,0.17755070735189207,4.125590755647884,0.39069884445598546,5.336582705790704,3851,852,665,1000,674,7120,3851,3851,983,0.5408707865168539,0.983,False,500,doc_id,5.270898990278731,5.210349374673668,5.328420736439451,0.5338623737848414,0.5262936718342086,0.5410525920549314
2020,ADHD,clinical_only,target,ADHD,5.328415522555338,1.3928976198438288,0.5410519403194172,0.1741122024804786,4.089698795180723,0.38621234939759036,5.348485570187727,3569,800,661,959,668,6722,3569,3572,939,0.5313894674204106,0.9791449426485923,False,500,doc_id,5.330215955043863,5.272980145147414,5.38663212421374,0.5412769943804828,0.5341225181434268,0.5483290155267175
2021,ADHD,clinical_only,target,ADHD,5.291180555555555,1.4280370366693464,0.5363975694444444,0.1785046295836683,4.138755787037037,0.3923444733796297,5.288857060185186,3456,880,634,928,636,6430,3456,3459,913,0.5379471228615863,0.9838362068965517,False,500,doc_id,5.291040630494452,5.229849858716587,5.353679612337294,0.5363800788118065,0.5287312323395735,0.5442099515421618
2022,ADHD,clinical_only,target,ADHD,5.344646549315452,1.38304750831376,0.5430808186644314,0.17288093853922,4.0840597932383345,0.38550747415479186,5.395979323833473,3579,851,627,930,634,6550,3579,3580,916,0.5465648854961832,0.9849462365591398,False,500,doc_id,5.344063070451242,5.288038179164633,5.397269608954792,0.5430078838064053,0.5360047723955792,0.5496587011193489
2023,ADHD,clinical_only,target,ADHD,5.3361262421788735,1.364092100394062,0.5420157802723592,0.17051151254925775,4.122442031652557,0.39030525395656973,5.341492454913508,2717,755,467,750,477,5142,2717,2718,722,0.5285880980163361,0.9626666666666667,False,500,doc_id,5.335892779760558,5.2746676145671785,5.395318503603949,0.5419865974700697,0.5343334518208973,0.5494148129504937
2024,ADHD,clinical_only,target,ADHD,5.322845124282983,1.396161591323774,0.5403556405353729,0.17452019891547174,4.093854684512428,0.38673183556405355,5.374478011472275,2615,691,447,704,457,4861,2615,2616,685,0.5381608722485085,0.9730113636363636,False,500,doc_id,5.322978890353197,5.2562739782131045,5.383822070084512,0.5403723612941496,0.532034247276638,0.547977758760564
2025,ADHD,clinical_only,target,ADHD,5.310113430127042,1.3581590955233565,0.5387641787658802,0.16976988694041956,4.104859346642469,0.3881074183303085,5.38021778584392,2204,656,371,578,380,4040,2204,2204,554,0.5455445544554456,0.9584775086505191,False,500,doc_id,5.3059884806392,5.237296786677583,5.365971535500428,0.5382485600799,0.5296620983346979,0.5457464419375535
2026,ADHD,clinical_only,target,ADHD,5.327941445562671,1.346181911985888,0.5409926806953339,0.168272738998236,4.050494053064958,0.38131175663311984,5.394409881061299,1093,423,169,271,170,1986,1093,1093,268,0.5503524672708963,0.988929889298893,False,500,doc_id,5.321171629288559,5.202069567925243,5.429675886740464,0.5401464536610698,0.5252586959906553,0.553709485842558
2014,ADHD,lived_only,target,ADHD,5.650974313551815,1.2342791304471417,0.5813717891939769,0.1542848913058927,4.007679362267494,0.37595992028343667,5.46859167404783,1129,457,243,310,243,2326,1129,1129,309,0.48538263112639723,0.9967741935483871,False,500,doc_id,5.650795767766903,5.569632010482486,5.724867239858907,0.5813494709708628,0.5712040013103108,0.5906084049823633
2015,ADHD,lived_only,target,ADHD,5.7091751269035536,1.2561576737969604,0.5886468908629442,0.15701970922462005,4.056548223350254,0.3820685279187817,5.509213197969544,788,343,166,216,169,1638,788,789,213,0.4816849816849817,0.9861111111111112,False,500,doc_id,5.707925735596627,5.596759272809416,5.814635317358983,0.5884907169495783,0.5745949091011772,0.6018294146698728
2016,ADHD,lived_only,target,ADHD,5.6360292850990525,1.2628990304892187,0.5795036606373816,0.15786237881115234,4.044926787252368,0.38061584840654605,5.535193798449612,1161,449,245,309,245,2378,1161,1161,309,0.48822539949537425,1.0,False,500,doc_id,5.63677864633855,5.548856098817526,5.71490937047365,0.5795973307923187,0.5686070123521908,0.5893636713092063
2017,ADHD,lived_only,target,ADHD,5.7031277150304085,1.2823340608728635,0.5878909643788011,0.16029175760910794,4.050990443092962,0.38137380538662036,5.508531711555169,1151,448,239,303,241,2324,1151,1152,301,0.49569707401032703,0.9933993399339934,False,500,doc_id,5.703619619542413,5.618224565000782,5.793394275031092,0.5879524524428016,0.5772780706250977,0.5991742843788865
2018,ADHD,lived_only,target,ADHD,5.657227926078029,1.3353916383404727,0.5821534907597536,0.1669239547925591,4.090184804928132,0.38627310061601644,5.529989733059549,974,420,212,269,216,2031,974,974,264,0.4795667159034958,0.9814126394052045,False,500,doc_id,5.655402322062258,5.559541639326518,5.754348310836721,0.5819252902577823,0.5699427049158149,0.5942935388545901
2019,ADHD,lived_only,target,ADHD,5.681981900452489,1.2651059557927369,0.5852477375565611,0.1581382444740921,4.0800180995475115,0.38500226244343894,5.543013574660633,1105,408,223,299,223,2242,1105,1106,299,0.4933095450490633,1.0,False,500,doc_id,5.680237990275989,5.589408862978629,5.776500471691345,0.5850297487844986,0.5736761078723285,0.5970625589614181
2020,ADHD,lived_only,target,ADHD,5.703058823529412,1.2527209295781554,0.5878823529411765,0.15659011619726942,4.060773109243697,0.38259663865546223,5.532789915966387,1190,437,239,312,240,2351,1190,1190,311,0.5061675882603147,0.9967948717948718,False,500,doc_id,5.699135087698582,5.624718200891687,5.784028876190149,0.5873918859623227,0.5780897751114608,0.5980036095237686
2021,ADHD,lived_only,target,ADHD,5.609672429481346,1.298680106917937,0.5762090536851683,0.16233501336474213,4.027270245677889,0.3784087807097361,5.490327570518653,1099,414,232,299,232,2236,1099,1099,297,0.4915026833631485,0.9933110367892977,False,500,doc_id,5.608349347068378,5.519150989965607,5.70333680530368,0.5760436683835473,0.5648938737457009,0.58791710066296
2022,ADHD,lived_only,target,ADHD,5.681480904130943,1.2870602822971775,0.5851851130163679,0.1608825352871472,4.0576929072486365,0.3822116134060795,5.543741231488698,1283,490,252,356,254,2728,1283,1283,351,0.4703079178885631,0.9859550561797753,False,500,doc_id,5.678998050651671,5.582726948686485,5.758093368426887,0.5848747563314588,0.5728408685858107,0.5947616710533609
2023,ADHD,lived_only,target,ADHD,5.730477064220183,1.2321153810198309,0.5913096330275229,0.15401442262747886,4.015403669724771,0.37692545871559635,5.581834862385321,1090,427,215,299,216,2310,1090,1090,298,0.47186147186147187,0.9966555183946488,False,500,doc_id,5.725420274981425,5.635462487616719,5.815347337024329,0.5906775343726781,0.5794328109520899,0.6019184171280412
2024,ADHD,lived_only,target,ADHD,5.690061028770706,1.2700793202366671,0.5862576285963382,0.1587599150295834,4.0683783783783785,0.3835472972972973,5.517297297297297,1147,457,226,313,227,2384,1147,1147,312,0.4811241610738255,0.9968051118210862,False,500,doc_id,5.68923536001075,5.596377565801396,5.78052659600389,0.5861544200013438,0.5745471957251745,0.5975658245004862
2025,ADHD,lived_only,target,ADHD,5.694174876847291,1.2609491596374902,0.5867718596059114,0.15761864495468628,4.055849753694581,0.38198121921182265,5.529864532019705,812,355,147,216,148,1633,812,812,211,0.4972443355786895,0.9768518518518519,False,500,doc_id,5.692445357345425,5.594505579082504,5.787224119312642,0.5865556696681781,0.5743131973853131,0.5984030149140802
2026,ADHD,lived_only,target,ADHD,5.421188340807174,1.330697941547607,0.5526485426008968,0.16633724269345088,4.0248878923766815,0.3781109865470852,5.3740807174887895,446,226,76,109,76,846,446,446,109,0.5271867612293144,1.0,False,500,doc_id,5.42110696944018,5.308203819833271,5.54132749925144,0.5526383711800225,0.5385254774791589,0.5676659374064301
2014,ADHD,mixed,target,ADHD,5.587102526002972,1.2619796487336923,0.5733878157503715,0.15774745609171154,4.103135215453195,0.3878919019316493,5.515824665676077,673,320,152,183,152,1324,673,673,183,0.5083081570996979,1.0,False,500,doc_id,5.584985682351808,5.4880560786940435,5.686665195884447,0.573123210293976,0.5610070098367556,0.585833149485556
2015,ADHD,mixed,target,ADHD,5.445544747081713,1.3593608014218075,0.5556930933852141,0.16992010017772594,4.112256809338521,0.3890321011673152,5.3373346303501945,514,257,108,128,109,952,514,516,127,0.542016806722689,0.9921875,False,500,doc_id,5.447642561278581,5.322980060163301,5.558648249559461,0.5559553201598226,0.5403725075204127,0.5698310311949326
2016,ADHD,mixed,target,ADHD,5.553228120516499,1.2875813983469235,0.5691535150645624,0.16094767479336544,4.076441893830704,0.3845552367288379,5.4735437589670015,697,340,141,182,142,1404,697,697,181,0.4964387464387464,0.9945054945054945,False,500,doc_id,5.55203166896537,5.441595049863484,5.663277192662609,0.5690039586206712,0.5551993812329354,0.582909649082826
2017,ADHD,mixed,target,ADHD,5.532701227830832,1.3547532449130053,0.566587653478854,0.16934415561412564,4.113328785811733,0.3891660982264666,5.474993178717599,733,329,152,187,153,1433,733,734,185,0.5122121423586881,0.9893048128342246,False,500,doc_id,5.531994154114033,5.428970592520641,5.6369474265315205,0.5664992692642541,0.5536213240650801,0.5796184283164401
2018,ADHD,mixed,target,ADHD,5.3985472496473905,1.409163916310902,0.5498184062059238,0.17614548953886275,4.099069111424542,0.38738363892806776,5.340747531734838,709,315,151,182,152,1352,709,709,181,0.5244082840236687,0.9945054945054945,False,500,doc_id,5.3919591324322775,5.252480251098675,5.5248841458253795,0.5489948915540347,0.5315600313873343,0.5656105182281724
2019,ADHD,mixed,target,ADHD,5.455949119373777,1.391796493658116,0.5569936399217221,0.1739745617072645,4.070039138943248,0.38375489236790605,5.375499021526419,511,249,120,142,120,1052,511,511,142,0.48574144486692017,1.0,False,500,doc_id,5.454613944001887,5.30479884625782,5.600119494802144,0.5568267430002358,0.5380998557822275,0.575014936850268
2020,ADHD,mixed,target,ADHD,5.535745033112583,1.3364851831084734,0.5669681291390729,0.16706064788855918,4.055844370860927,0.3819805463576159,5.4357947019867545,604,284,128,156,130,1184,604,604,154,0.5101351351351351,0.9871794871794872,False,500,doc_id,5.531692753275419,5.407809615486397,5.654478537578982,0.5664615941594274,0.5509762019357997,0.5818098171973728
2021,ADHD,mixed,target,ADHD,5.426877761413844,1.3662759608731612,0.5533597201767305,0.17078449510914512,4.075154639175258,0.38439432989690725,5.367304860088366,679,310,148,180,150,1367,679,679,177,0.4967081199707388,0.9833333333333333,False,500,doc_id,5.425608943674004,5.2988198963317386,5.547030012612598,0.5532011179592505,0.5373524870414673,0.5683787515765748
2022,ADHD,mixed,target,ADHD,5.585100401606425,1.2509988863970236,0.5731375502008033,0.15637486079962795,3.997724230254351,0.37471552878179387,5.505542168674699,747,354,151,193,152,1525,747,747,192,0.4898360655737705,0.9948186528497409,False,500,doc_id,5.583133946218086,5.4701627343068875,5.685887086808774,0.5728917432772608,0.5587703417883609,0.5857358858510967
2023,ADHD,mixed,target,ADHD,5.610016420361248,1.3370992389235477,0.576252052545156,0.16713740486544346,4.073727422003285,0.3842159277504105,5.501412151067323,609,312,122,159,122,1226,609,609,156,0.4967373572593801,0.9811320754716981,False,500,doc_id,5.611043967568394,5.47597723221726,5.740905904846028,0.5763804959460492,0.5594971540271575,0.5926132381057535
2024,ADHD,mixed,target,ADHD,5.614510489510489,1.2279347510981908,0.5768138111888111,0.15349184388727385,4.02951048951049,0.3786888111888112,5.478111888111888,572,294,119,154,122,1162,572,572,151,0.49225473321858865,0.9805194805194806,False,500,doc_id,5.618468700576029,5.484953660518226,5.755389067708082,0.5773085875720035,0.5606192075647782,0.5944236334635102
2025,ADHD,mixed,target,ADHD,5.476367816091954,1.310980620367914,0.5595459770114942,0.16387257754598925,3.9993103448275864,0.3749137931034483,5.509701149425287,435,262,90,110,92,813,435,435,108,0.5350553505535055,0.9818181818181818,False,500,doc_id,5.483420211775607,5.3384356502371855,5.619220165657853,0.5604275264719507,0.5423044562796483,0.5774025207072316
2026,ADHD,mixed,target,ADHD,5.647401129943503,1.2891064658227378,0.5809251412429379,0.16113830822784223,4.065084745762712,0.38313559322033897,5.548022598870056,177,116,38,44,38,335,177,177,44,0.5283582089552239,1.0,True,500,doc_id,5.6513979342601255,5.414028178405611,5.8934898737689,0.5814247417825157,0.5517535223007015,0.6116862342211125
2014,ADHD,substantive_core_overall,target,ADHD,5.4602998051266685,1.3076556612481216,0.5575374756408334,0.1634569576560152,4.10916953979913,0.38864619247489135,5.390981861789836,6671,1226,1085,1779,1093,12719,6671,6673,1751,0.5246481641638494,0.9842608206857786,False,500,doc_id,5.458499287380046,5.422482454544777,5.495656689537863,0.5573124109225057,0.5528103068180972,0.5619570861922327
2015,ADHD,substantive_core_overall,target,ADHD,5.440449999999999,1.322163835692749,0.5550562499999999,0.16527047946159362,4.1051710526315786,0.3881463815789473,5.4040061403508775,5700,1176,974,1547,993,10950,5700,5705,1515,0.5210045662100456,0.9793148028442146,False,500,doc_id,5.441254647970496,5.400712338879842,5.4825935539816655,0.5551568309963119,0.5500890423599801,0.5603241942477082
2016,ADHD,substantive_core_overall,target,ADHD,5.4143991206643864,1.366171681136011,0.5517998900830484,0.17077146014200137,4.09681240840254,0.38710155105031757,5.4046726917440155,6141,1227,1091,1640,1098,11812,6141,6142,1626,0.5199796816796478,0.9914634146341463,False,500,doc_id,5.41414846855864,5.37171218111029,5.4531556027878345,0.55176855856983,0.5464640226387861,0.5566444503484793
2017,ADHD,substantive_core_overall,target,ADHD,5.430157824042982,1.361474582847195,0.5537697280053727,0.17018432285589938,4.10033075889859,0.3875413448623237,5.384833781061115,5956,1206,1061,1589,1070,11350,5956,5963,1561,0.5253744493392071,0.9823788546255506,False,500,doc_id,5.4280837744868204,5.381880350018561,5.4743795251359195,0.5535104718108526,0.5477350437523201,0.5592974406419898
2018,ADHD,substantive_core_overall,target,ADHD,5.41372463768116,1.3873563703541063,0.551715579710145,0.1734195462942633,4.109080515297906,0.38863506441223833,5.397070853462157,6210,1228,1058,1633,1067,11791,6210,6215,1613,0.5270969383428038,0.9877526025719534,False,500,doc_id,5.412688992972679,5.368387079996843,5.457395123900879,0.5515861241215849,0.5460483849996055,0.5571743904876099
2019,ADHD,substantive_core_overall,target,ADHD,5.372323029083593,1.3971929609244493,0.5465403786354491,0.17464912011555617,4.1111871227364185,0.3888983903420523,5.381944393634535,5467,1103,948,1441,957,10414,5467,5468,1424,0.5250624159784905,0.9882026370575989,False,500,doc_id,5.370536087634047,5.323055756435639,5.422174439337427,0.5463170109542559,0.5403819695544548,0.5527718049171783
2020,ADHD,substantive_core_overall,target,ADHD,5.434895580831625,1.3654821061557347,0.5543619476039531,0.17068526326946684,4.0794676487040835,0.3849334560880105,5.39921405929517,5363,1094,964,1427,972,10257,5363,5366,1404,0.523154918592181,0.9838822704975473,False,500,doc_id,5.433462027356356,5.391301912353199,5.481592053151756,0.5541827534195445,0.5489127390441497,0.5601990066439695
2021,ADHD,substantive_core_overall,target,ADHD,5.375659151700421,1.3995343726192235,0.5469573939625526,0.17494179657740294,4.107095911348873,0.3883869889186091,5.34133740924723,5234,1140,937,1407,941,10033,5234,5237,1387,0.5219774743346955,0.9857853589196873,False,500,doc_id,5.374522370815492,5.325264546170285,5.421013294992853,0.5468152963519365,0.5406580682712856,0.5526266618741066
2022,ADHD,substantive_core_overall,target,ADHD,5.45371724014976,1.352419833925032,0.55671465501872,0.169052479240629,4.066530575860225,0.38331632198252813,5.4443697628810845,5609,1160,931,1479,941,10803,5609,5610,1459,0.5193001943904471,0.9864773495605138,False,500,doc_id,5.453928812691947,5.41146132909088,5.5006052196668564,0.5567411015864934,0.55143266613636,0.5625756524583571
2023,ADHD,substantive_core_overall,target,ADHD,5.471235280797101,1.3400862437842953,0.5589044100996376,0.1675107804730369,4.089303668478261,0.3861629585597826,5.4228702445652175,4416,1040,743,1208,752,8678,4416,4417,1176,0.5089882461396635,0.9735099337748344,False,500,doc_id,5.472812837553644,5.425794476879307,5.530939611584562,0.5591016046942054,0.5532243096099134,0.5663674514480702
2024,ADHD,substantive_core_overall,target,ADHD,5.458523304107061,1.3527000931180573,0.5573154130133826,0.16908751163975716,4.078620212275035,0.3848275265343793,5.425952930318413,4334,997,717,1171,729,8407,4334,4335,1148,0.5156417271321517,0.9803586678052946,False,500,doc_id,5.458768317467288,5.4056330824289995,5.5034852409792645,0.557346039683411,0.5507041353036249,0.5629356551224081
2025,ADHD,substantive_core_overall,target,ADHD,5.421437264560997,1.3392687028036983,0.5526796580701245,0.16740858785046228,4.080023181686467,0.3850028977108085,5.431750217328311,3451,931,562,904,572,6486,3451,3451,873,0.5320690718470552,0.9657079646017699,False,500,doc_id,5.422008205490612,5.370274582420591,5.473791686552354,0.5527510256863265,0.5462843228025739,0.5592239608190442
2026,ADHD,substantive_core_overall,target,ADHD,5.385128205128205,1.3391876201997002,0.5481410256410256,0.16739845252496252,4.045343822843823,0.3806679778554779,5.404970862470862,1716,594,258,424,259,3167,1716,1716,421,0.5418377012946005,0.9929245283018868,False,500,doc_id,5.385518755407904,5.309378325831076,5.458249922414222,0.548189844425988,0.5386722907288842,0.5572812403017776
2014,Autism,clinical_only,target,Autism,5.528967183922666,1.2497770890218431,0.5661208979903333,0.1562221361277304,4.126447892817773,0.3908059866022216,5.4118239633681,11793,1654,1707,2850,1708,22685,11793,11802,2843,0.5202556755565352,0.9975438596491228,False,500,doc_id,5.530031365823816,5.50238223856668,5.558663454153424,0.566253920727977,0.562797779820835,0.569832931769178
2015,Autism,clinical_only,target,Autism,5.479787173015144,1.2677897373591944,0.559973396626893,0.1584737171698993,4.140233478659936,0.392529184832492,5.386551170261588,8716,1489,1316,2083,1322,16685,8716,8736,2074,0.5235840575367097,0.9956793086893903,False,500,doc_id,5.479664967800793,5.448292291290639,5.5122951753486245,0.5599581209750991,0.5560365364113299,0.5640368969185781
2016,Autism,clinical_only,target,Autism,5.440597248629907,1.3124556884260585,0.5550746560787384,0.16405696105325732,4.142494128173582,0.3928117660216978,5.361954479364725,8941,1554,1390,2175,1392,17076,8941,8955,2171,0.5244202389318342,0.9981609195402299,False,500,doc_id,5.439594436250497,5.399814106257976,5.472958181752656,0.5549493045313121,0.549976763282247,0.5591197727190819
2017,Autism,clinical_only,target,Autism,5.464818915942738,1.2938132952159627,0.5581023644928422,0.16172666190199533,4.147882662425058,0.39348533280313225,5.377708307842898,8173,1481,1288,1984,1290,15661,8173,8179,1980,0.5222527297107464,0.9979838709677419,False,500,doc_id,5.46525770213879,5.426424281285318,5.501191434772692,0.5581572127673488,0.5533030351606647,0.5626489293465865
2018,Autism,clinical_only,target,Autism,5.451792734511073,1.3038030658719282,0.5564740918138841,0.16297538323399102,4.11825080865887,0.3897813510823588,5.374807165961681,8038,1471,1275,1959,1277,15426,8038,8057,1953,0.5223000129651238,0.996937212863706,False,500,doc_id,5.452242858511862,5.420314329116029,5.487751453090159,0.5565303573139827,0.5525392911395036,0.5609689316362699
2019,Autism,clinical_only,target,Autism,5.4803620544484986,1.2829609839905638,0.5600452568060623,0.16037012299882047,4.11897698568622,0.38987212321077747,5.3922424922817855,7126,1354,1096,1717,1097,13578,7126,7132,1712,0.5252614523493887,0.9970879440885265,False,500,doc_id,5.481286222753935,5.445435664926983,5.517449144401884,0.5601607778442419,0.5556794581158727,0.5646811430502355
2020,Autism,clinical_only,target,Autism,5.430608772778585,1.3128887551381436,0.5538260965973231,0.16411109439226795,4.130715207224641,0.3913394009030801,5.368141428801806,6201,1310,1028,1532,1031,11895,6201,6206,1528,0.5217318200924759,0.9973890339425587,False,500,doc_id,5.428808308809037,5.3904635172950925,5.467093113960359,0.5536010386011296,0.5488079396618866,0.5583866392450447
2021,Autism,clinical_only,target,Autism,5.458496521296453,1.3025180636131202,0.5573120651620567,0.16281475795164002,4.13333446461904,0.39166680807737997,5.3887799083658585,5893,1257,917,1413,924,11172,5893,5896,1403,0.5277479412817758,0.9929228591648974,False,500,doc_id,5.457542452728037,5.417214379984241,5.499563073049,0.5571928065910047,0.55215179749803,0.562445384131125
2022,Autism,clinical_only,target,Autism,5.452847777094857,1.3152403177449359,0.5566059721368571,0.16440503971811699,4.113079287031346,0.38913491087891827,5.394048350747798,4881,1120,772,1175,772,9174,4881,4882,1173,0.5321560933071724,0.9982978723404256,False,500,doc_id,5.45408643826757,5.399655722017035,5.4992861409391915,0.5567608047834463,0.5499569652521293,0.5624107676173989
2023,Autism,clinical_only,target,Autism,5.4847841566533155,1.2658395008078498,0.5605980195816644,0.15822993760098122,4.1070850022251895,0.3883856252781486,5.435064530485091,4494,1054,675,1092,678,8519,4494,4497,1084,0.5278788590210118,0.9926739926739927,False,500,doc_id,5.483433471535211,5.438311302027027,5.5269881691640785,0.5604291839419014,0.5547889127533784,0.5658735211455098
2024,Autism,clinical_only,target,Autism,5.49211855104281,1.2978669174799333,0.5615148188803513,0.16223336468499167,4.136490120746433,0.3920612650933041,5.4445499451152575,3644,884,590,900,592,6948,3644,3647,895,0.5248992515831894,0.9944444444444445,False,500,doc_id,5.491114268125074,5.425341782385654,5.5467116036339315,0.5613892835156343,0.5531677227982067,0.5683389504542415
2025,Autism,clinical_only,target,Autism,5.5790900818926294,1.2755369040931976,0.5723862602365787,0.1594421130116497,4.182586442220201,0.397823305277525,5.506410373066424,4396,1008,634,1044,634,8244,4396,4398,1044,0.5334788937409025,1.0,False,500,doc_id,5.57613525471667,5.523240398786921,5.6294990246579255,0.5720169068395837,0.5654050498483651,0.5786873780822407
2026,Autism,clinical_only,target,Autism,5.529541457286433,1.2437557337028355,0.566192682160804,0.15546946671285444,4.092920854271357,0.38661510678391964,5.454315326633166,1592,542,241,382,242,3049,1592,1592,380,0.5221384060347655,0.9947643979057592,False,500,doc_id,5.5302182808117255,5.446065482601638,5.616574867021518,0.5662772851014657,0.5557581853252048,0.5770718583776897
2014,Autism,lived_only,target,Autism,5.8739214160669135,1.1407740515215632,0.6092401770083642,0.1425967564401954,4.061649484536082,0.3827061855670103,5.58783796926668,5141,1233,933,1303,937,10515,5141,5141,1299,0.4889205896338564,0.9969301611665388,False,500,doc_id,5.874722515644911,5.841897810694255,5.911382194756554,0.609340314455614,0.6052372263367819,0.6139227743445692
2015,Autism,lived_only,target,Autism,5.877709677419355,1.138297476662919,0.6097137096774193,0.14228718458286488,4.051551971326164,0.38144399641577065,5.624357228195938,4185,1094,740,1055,741,8482,4185,4185,1052,0.49339778354161756,0.9971563981042654,False,500,doc_id,5.880085325201801,5.842971468116034,5.9189960363845895,0.6100106656502251,0.6053714335145043,0.6148745045480737
2016,Autism,lived_only,target,Autism,5.894355316783994,1.1488601069738802,0.6117944145979992,0.14360751337173502,4.063697665802149,0.3829622082252686,5.618630048165988,5398,1203,930,1367,931,11130,5398,5398,1365,0.4849955076370171,0.9985369422092173,False,500,doc_id,5.894263285097175,5.859783594539358,5.925129660497238,0.6117829106371468,0.6074729493174198,0.6156412075621548
2017,Autism,lived_only,target,Autism,5.8709023668639055,1.137914942107112,0.6088627958579882,0.142239367763389,4.066882396449704,0.38336029955621304,5.629123520710059,5408,1255,956,1368,959,10993,5408,5410,1359,0.4921313563176567,0.993421052631579,False,500,doc_id,5.8708130111329355,5.8317572070593044,5.906258308030205,0.6088516263916169,0.6039696508824132,0.6132822885037756
2018,Autism,lived_only,target,Autism,5.874879591836734,1.1321660501386672,0.6093599489795918,0.1415207562673334,4.049557142857143,0.38119464285714283,5.6265857142857145,4900,1196,869,1239,873,9947,4900,4900,1232,0.49261083743842365,0.9943502824858758,False,500,doc_id,5.875531151463736,5.840663827211387,5.909490510839809,0.609441393932967,0.6050829784014233,0.6136863138549761
2019,Autism,lived_only,target,Autism,5.884419487179487,1.1227275144196585,0.6105524358974359,0.1403409393024573,4.046591794871794,0.38082397435897436,5.649078974358974,4875,1164,832,1191,833,9671,4875,4877,1187,0.5042911798159446,0.9966414777497901,False,500,doc_id,5.885844960025187,5.851929870943447,5.921675307182483,0.6107306200031484,0.6064912338679309,0.6152094133978103
2020,Autism,lived_only,target,Autism,5.8721411764705875,1.1691116322991368,0.6090176470588234,0.1461389540373921,4.067863529411764,0.3834829411764706,5.635861176470589,4250,1098,779,1064,782,8599,4250,4252,1058,0.4944761018723107,0.9943609022556391,False,500,doc_id,5.87245796197794,5.828235092800486,5.91216313704685,0.6090572452472425,0.6035293866000607,0.6140203921308562
2021,Autism,lived_only,target,Autism,5.872584451068058,1.1546373078772465,0.6090730563835073,0.1443296634846558,4.053488574267263,0.38168607178340785,5.616968455042226,4026,1027,707,994,709,8064,4026,4026,990,0.4992559523809524,0.9959758551307847,False,500,doc_id,5.871975806057572,5.82854605246742,5.914860745052594,0.6089969757571965,0.6035682565584274,0.6143575931315742
2022,Autism,lived_only,target,Autism,5.89699801192843,1.102235740462477,0.6121247514910537,0.13777946755780962,4.024836694120989,0.3781045867651236,5.68391934109628,3521,1011,641,911,643,7267,3521,3521,903,0.48451905875877255,0.991218441273326,False,500,doc_id,5.898115711119726,5.858422758600651,5.9386694271495495,0.6122644638899658,0.6073028448250813,0.6173336783936937
2023,Autism,lived_only,target,Autism,5.894574742268041,1.092886253169713,0.6118218427835052,0.13661078164621412,4.030476804123711,0.3788096005154639,5.674571060382916,2716,848,467,687,470,5552,2716,2717,682,0.48937319884726227,0.992721979621543,False,500,doc_id,5.892845851024957,5.842539924978867,5.942436427901367,0.6116057313781196,0.6053174906223584,0.6178045534876708
2024,Autism,lived_only,target,Autism,5.86973241590214,1.0997540160720445,0.6087165519877675,0.13746925200900556,4.024827981651376,0.378103497706422,5.668161314984709,2616,833,452,651,454,5269,2616,2616,649,0.4964888973239704,0.9969278033794163,False,500,doc_id,5.8707391608581005,5.814916311196898,5.9227019982080025,0.6088423951072626,0.6018645388996122,0.6153377497760004
2025,Autism,lived_only,target,Autism,5.64561052631579,1.3583744114411909,0.5807013157894737,0.16979680143014886,4.287680701754386,0.4109600877192982,5.411340350877193,2850,798,564,746,566,5333,2850,2851,744,0.5345959122445153,0.9973190348525469,False,500,doc_id,5.642812960904722,5.581111283125708,5.708627517888275,0.5803516201130904,0.5726389103907135,0.5885784397360344
2026,Autism,lived_only,target,Autism,5.874949596774194,1.1239481897664827,0.6093686995967742,0.14049352372081034,3.999284274193548,0.3749105342741935,5.654445564516129,992,430,169,250,170,2019,992,992,248,0.4913323427439326,0.992,False,500,doc_id,5.8733799382777985,5.791186609426379,5.9520109736149,0.6091724922847247,0.5988983261782974,0.6190013717018625
2014,Autism,mixed,target,Autism,5.741851918899348,1.189801747009792,0.5927314898624185,0.148725218376224,4.08658037653874,0.38582254706734254,5.56096850108617,2762,818,501,660,502,5330,2762,2765,659,0.5187617260787992,0.9984848484848485,False,500,doc_id,5.7407630568747665,5.689974486451416,5.787880585460877,0.5925953821093459,0.5862468108064272,0.5984850731826096
2015,Autism,mixed,target,Autism,5.77997317836388,1.1833095772581688,0.597496647295485,0.1479136971572711,4.067644166294143,0.383455520786768,5.5843227536879745,2237,694,412,539,413,4374,2237,2239,537,0.5118884316415181,0.9962894248608535,False,500,doc_id,5.779288941200004,5.719382746950607,5.843239822052893,0.5974111176500005,0.5899228433688259,0.6054049777566116
2016,Autism,mixed,target,Autism,5.795805284111473,1.1613513507546527,0.5994756605139341,0.14516891884433158,4.075103148751357,0.38438789359391967,5.600258776692002,2763,831,501,678,501,5493,2763,2763,677,0.503003823047515,0.9985250737463127,False,500,doc_id,5.796059259107936,5.744870956247627,5.84540040203844,0.599507407388492,0.5931088695309533,0.6056750502548051
2017,Autism,mixed,target,Autism,5.812561467150343,1.1825843158367217,0.6015701833937929,0.14782303947959022,4.074854897218864,0.3843568621523579,5.583810963321241,2481,743,457,627,457,5090,2481,2482,626,0.48762278978388995,0.9984051036682615,False,500,doc_id,5.811986778446376,5.757541812726546,5.864059621859763,0.601498347305797,0.5946927265908183,0.6080074527324704
2018,Autism,mixed,target,Autism,5.751984126984127,1.1952154649633702,0.5939980158730159,0.14940193312042127,4.064222222222222,0.3830277777777778,5.5695,2520,755,476,620,477,4948,2520,2520,618,0.5092966855295069,0.9967741935483871,False,500,doc_id,5.753622022319632,5.699463274875168,5.802506815797043,0.594202752789954,0.587432909359396,0.6003133519746304
2019,Autism,mixed,target,Autism,5.783683064867218,1.2062718000541732,0.5979603831084023,0.15078397500677165,4.064401393121463,0.3830501741401829,5.606103613408794,2297,720,403,546,403,4498,2297,2297,546,0.5106714095153402,1.0,False,500,doc_id,5.782517318691398,5.725747931077076,5.838373246556697,0.5978146648364248,0.5907184913846345,0.6047966558195871
2020,Autism,mixed,target,Autism,5.741401392111369,1.1902154810243857,0.5926751740139211,0.1487769351280482,4.0206078886310905,0.3775759860788863,5.578556844547564,2155,737,386,525,388,4302,2155,2155,523,0.50092980009298,0.9961904761904762,False,500,doc_id,5.741219107426454,5.681463891520547,5.797649430766907,0.5926523884283067,0.5851829864400684,0.5997061788458634
2021,Autism,mixed,target,Autism,5.825964444444445,1.2044888543473622,0.6032455555555556,0.15056110679342027,4.076368888888889,0.3845461111111111,5.591093333333334,2250,742,403,551,407,4421,2250,2252,546,0.5093870165121014,0.9909255898366606,False,500,doc_id,5.823229234844702,5.755141371213988,5.885985775397164,0.6029036543555878,0.5943926714017485,0.6107482219246455
2022,Autism,mixed,target,Autism,5.7550931677018635,1.217114690274084,0.5943866459627329,0.1521393362842605,4.045782044042913,0.3807227555053642,5.582478825522304,1771,625,318,421,318,3415,1771,1771,421,0.5185944363103954,1.0,False,500,doc_id,5.754691560066726,5.684126751580517,5.808859346729039,0.5943364450083407,0.5855158439475646,0.6011074183411299
2023,Autism,mixed,target,Autism,5.776867949568679,1.2093995570778096,0.5971084936960849,0.1511749446347262,4.049807564698076,0.3812259455872595,5.592627737226278,1507,583,281,372,283,2976,1507,1508,369,0.5067204301075269,0.9919354838709677,False,500,doc_id,5.775882273746098,5.705018318525278,5.848138719208408,0.5969852842182624,0.5881272898156598,0.606017339901051
2024,Autism,mixed,target,Autism,5.834084084084084,1.1663992195774733,0.6042605105105106,0.14579990244718416,4.034542042042042,0.3793177552552553,5.699804804804805,1332,522,228,315,229,2574,1332,1332,314,0.5174825174825175,0.9968253968253968,False,500,doc_id,5.830716672173845,5.752744911085945,5.904418833379189,0.6038395840217308,0.5940931138857432,0.6130523541723987
2025,Autism,mixed,target,Autism,5.785142289874256,1.1900229683374366,0.598142786234282,0.14875287104217957,4.117935142289874,0.3897418927862343,5.658755790866975,1511,594,273,357,273,2887,1511,1511,357,0.5233806719778317,1.0,False,500,doc_id,5.785909314867944,5.711152572855077,5.862512860287836,0.598238664358493,0.5888940716068848,0.6078141075359795
2026,Autism,mixed,target,Autism,5.749192546583851,1.1934713352209692,0.5936490683229814,0.14918391690262114,4.0365631469979295,0.37957039337474124,5.548571428571429,483,261,84,120,84,948,483,483,120,0.509493670886076,1.0,False,500,doc_id,5.750558391760079,5.622928023510659,5.876857397340487,0.5938197989700101,0.5778660029388323,0.6096071746675609
2014,Autism,substantive_core_overall,target,Autism,5.648859413078798,1.2232370323675688,0.5811074266348497,0.1529046290459461,4.103943694151097,0.3879929617688871,5.478681458164094,19696,2346,2852,4813,2858,38530,19696,19708,4801,0.511497534388788,0.9975067525451901,False,500,doc_id,5.649139615647457,5.624899353661698,5.669000819250565,0.5811424519559321,0.5781124192077123,0.5836251024063206
2015,Autism,substantive_core_overall,target,Autism,5.634155106354869,1.2343556029882214,0.5792693882943586,0.15429445037352768,4.104990091161316,0.3881237613951645,5.481519685559519,15138,2146,2245,3677,2252,29541,15138,15160,3663,0.5131850648251582,0.9961925482730487,False,500,doc_id,5.634665999580728,5.611599824306463,5.658546556885049,0.579333249947591,0.5764499780383079,0.5823183196106311
2016,Autism,substantive_core_overall,target,Autism,5.641206876388726,1.2569878521004616,0.5801508595485908,0.1571234815125577,4.106735469535727,0.38834193369196585,5.481470880598761,17102,2230,2551,4220,2553,33699,17102,17116,4213,0.5079082465355055,0.9983412322274882,False,500,doc_id,5.641302199904078,5.614989335336333,5.666210710217176,0.5801627749880097,0.5768736669170417,0.583276338777147
2017,Autism,substantive_core_overall,target,Autism,5.6552589963889925,1.2415803160694727,0.5819073745486241,0.1551975395086841,4.10933009587847,0.38866626198480886,5.494194060515502,16062,2198,2435,3979,2439,31744,16062,16071,3965,0.5062689012096774,0.9964815280221161,False,500,doc_id,5.655449576255258,5.629683174459595,5.680521823584106,0.5819311970319072,0.5787103968074494,0.5850652279480132
2018,Autism,substantive_core_overall,target,Autism,5.634844093673179,1.249348261854436,0.5793555117091473,0.1561685327318045,4.087667874239876,0.38595848427998447,5.486357226031828,15458,2182,2365,3818,2369,30321,15458,15477,3803,0.5104383100821213,0.9960712414876899,False,500,doc_id,5.6348547060463705,5.608983951861068,5.660285640752079,0.5793568382557963,0.5761229939826336,0.5825357050940099
2019,Autism,substantive_core_overall,target,Autism,5.666857252762624,1.2326225702781473,0.583357156595328,0.1540778212847684,4.085529094978319,0.3856911368722898,5.514169813959994,14298,2055,2102,3454,2104,27747,14298,14306,3445,0.5155872706959311,0.9973943254198031,False,500,doc_id,5.666797266239851,5.641974953947427,5.691812974417557,0.5833496582799814,0.5802468692434284,0.5864766218021946
2020,Autism,substantive_core_overall,target,Autism,5.6325975725844835,1.2617770918002758,0.5790746965730604,0.15772213647503447,4.090702443280977,0.38633780541012214,5.494371331112169,12606,1985,1965,3121,1973,24796,12606,12613,3109,0.508670753347314,0.9961550785004806,False,500,doc_id,5.633036085467236,5.6072596787006495,5.660354062490043,0.5791295106834045,0.5759074598375813,0.5825442578112554
2021,Autism,substantive_core_overall,target,Autism,5.663437012079876,1.2531373177263505,0.5829296265099844,0.1566421647157938,4.096385487714685,0.3870481859643356,5.501680910510313,12169,1902,1822,2958,1831,23657,12169,12174,2939,0.5146045567908019,0.993576741041244,False,500,doc_id,5.66260503058311,5.63178147207047,5.6924387886095795,0.5828256288228888,0.5789726840088086,0.5865548485761976
2022,Autism,substantive_core_overall,target,Autism,5.659190995773125,1.2448669614303987,0.5823988744716406,0.15560837017879983,4.070821783151479,0.38385272289393496,5.527179789639241,10173,1772,1555,2507,1557,19856,10173,10174,2497,0.512389202256245,0.9960111687275628,False,500,doc_id,5.659028514317847,5.629443164078261,5.688898897709046,0.5823785642897309,0.5786803955097827,0.5861123622136307
2023,Autism,substantive_core_overall,target,Autism,5.662960307445222,1.2190559177850802,0.5828700384306528,0.15238198972313502,4.073313640013766,0.38416420500172077,5.53692841573936,8717,1602,1280,2151,1286,17047,8717,8722,2135,0.5116442775854989,0.9925615992561599,False,500,doc_id,5.662432953287134,5.628606833685487,5.6933071025140425,0.5828041191608917,0.5785758542106859,0.5866633878142553
2024,Autism,substantive_core_overall,target,Autism,5.682231296101159,1.2235565619271642,0.5852789120126449,0.15294457024089553,4.080127766069547,0.38501597075869337,5.56638435194942,7592,1450,1135,1866,1140,14791,7592,7595,1858,0.5134879318504496,0.9957127545551983,False,500,doc_id,5.682219223085354,5.641051025981534,5.720221128994233,0.5852774028856692,0.5801313782476918,0.5900276411242791
2025,Autism,substantive_core_overall,target,Autism,5.636293251113394,1.2910267886085383,0.5795366563891743,0.16137834857606728,4.205634349663127,0.40070429370789085,5.501756309238323,8757,1516,1324,2147,1326,16464,8757,8760,2145,0.532069970845481,0.9990684676292502,False,500,doc_id,5.636981785144895,5.597498854810823,5.675845054896573,0.5796227231431119,0.5746873568513529,0.5844806318620717
2026,Autism,substantive_core_overall,target,Autism,5.675852624714705,1.2082022416308416,0.5844815780893381,0.1510252802038552,4.053759373981089,0.3817199217476361,5.5338897945875445,3067,880,451,752,453,6016,3067,3067,748,0.5098071808510638,0.9946808510638298,False,500,doc_id,5.677669850823191,5.622804494649266,5.740117068685235,0.5847087313528988,0.5778505618311582,0.5925146335856544
2014,frustration,unframed_baseline,baseline,baseline,5.447012509904675,1.3021113805520128,0.5558765637380844,0.1627639225690016,4.076276082310851,0.3845345102888563,5.532374120584916,41647,4573,10219,11401,10238,94684,41647,41661,11376,0.4400004224578598,0.997807209893869,False,500,doc_id,5.447054652160708,5.43100410471547,5.4621541760046535,0.5558818315200885,0.5538755130894337,0.5577692720005817
2015,frustration,unframed_baseline,baseline,baseline,5.434323785409084,1.333573933656586,0.5542904731761354,0.16669674170707324,4.087713562272511,0.38596419528406395,5.518975470802342,31595,4135,7583,8543,7595,70564,31595,31607,8518,0.44791961906921374,0.9970736275313122,False,500,doc_id,5.433956069109606,5.418621765034897,5.450986451901712,0.5542445086387008,0.5523277206293621,0.556373306487714
2016,frustration,unframed_baseline,baseline,baseline,5.41675019503403,1.3497982762781555,0.5520937743792538,0.16872478453476944,4.100956204772281,0.3876195255965351,5.510290533451699,37173,4427,8982,10068,9003,83328,37173,37183,10042,0.4462245583717358,0.9974175605880016,False,500,doc_id,5.417179528720448,5.4014390132231185,5.432363772581804,0.552147441090056,0.5501798766528898,0.5540454715727257
2017,frustration,unframed_baseline,baseline,baseline,5.4289955154405085,1.3468286332759565,0.5536244394300636,0.16835357915949456,4.0891771684831975,0.3861471460603996,5.521006897138965,35232,4314,8569,9489,8588,78492,35232,35238,9467,0.44893747133465833,0.9976815259774475,False,500,doc_id,5.4288042117858275,5.413070113072917,5.444808607053101,0.5536005264732284,0.5516337641341146,0.5556010758816377
2018,frustration,unframed_baseline,baseline,baseline,5.419282922131264,1.352434970778034,0.552410365266408,0.16905437134725426,4.094333767668471,0.38679172095855874,5.5118751947426565,35303,4199,8421,9422,8440,78120,35303,35306,9395,0.45194572452636966,0.9971343663765655,False,500,doc_id,5.419495054977058,5.402962021734807,5.439122780999092,0.5524368818721322,0.550370252716851,0.5548903476248865
2019,frustration,unframed_baseline,baseline,baseline,5.407168792934249,1.3490936419787984,0.5508960991167812,0.1686367052473498,4.089631685475957,0.38620396068449464,5.5161020301766435,32608,4098,7700,8615,7720,71472,32608,32614,8591,0.45631855831654355,0.9972141613464887,False,500,doc_id,5.40656418594047,5.3909547089742365,5.422559616168458,0.5508205232425587,0.5488693386217796,0.5528199520210573
2020,frustration,unframed_baseline,baseline,baseline,5.4055562492740155,1.3658223457402061,0.5506945311592519,0.17072779321752576,4.095161894528982,0.38689523681612265,5.500936810314787,34436,4133,7936,8982,7943,74523,34436,34444,8970,0.4621928800504542,0.9986639946559787,False,500,doc_id,5.406155448795029,5.390678180328464,5.420889985727611,0.5507694310993786,0.548834772541058,0.5526112482159514
2021,frustration,unframed_baseline,baseline,baseline,5.411033894374131,1.3601962327308792,0.5513792367967664,0.1700245290913599,4.095596878934464,0.386949609866808,5.5030938970247165,30182,3949,7091,7962,7108,65925,30182,30187,7943,0.4578991277967387,0.9976136649083145,False,500,doc_id,5.411026630934271,5.394144436191886,5.428148282128516,0.5513783288667837,0.5492680545239857,0.5535185352660645
2022,frustration,unframed_baseline,baseline,baseline,5.437512433160079,1.349319203044648,0.5546890541450099,0.168664900380581,4.101627528699098,0.38770344108738736,5.522751748121004,26743,3723,6267,6963,6275,57949,26743,26746,6954,0.4615437712471311,0.998707453683757,False,500,doc_id,5.437155623710185,5.420207322404137,5.455218139636777,0.5546444529637731,0.552525915300517,0.5569022674545971
2023,frustration,unframed_baseline,baseline,baseline,5.443068263045032,1.337139162679024,0.555383532880629,0.167142395334878,4.081239575887539,0.3851549469859423,5.525795806528473,25182,3556,5606,6377,5618,53137,25182,25185,6363,0.4739635282383273,0.9978046103183315,False,500,doc_id,5.44304698207468,5.424940461714842,5.462476250058336,0.5553808727593351,0.5531175577143552,0.557809531257292
2024,frustration,unframed_baseline,baseline,baseline,5.471891521684989,1.2897667203772079,0.5589864402106237,0.16122084004715098,4.0672830611591415,0.38341038264489274,5.553439000960615,28107,3647,5949,6881,5957,57193,28107,28110,6871,0.4914937142657318,0.9985467228600494,False,500,doc_id,5.471296218305352,5.455342546669244,5.485998415158922,0.5589120272881691,0.5569178183336555,0.5607498018948652
2025,frustration,unframed_baseline,baseline,baseline,5.532157139415631,1.2547318847104338,0.5665196424269539,0.15684148558880423,4.045944866985581,0.3807431083731975,5.588946897477372,29057,3670,5871,6928,5902,57053,29057,29061,6895,0.5093684819378472,0.9952367205542725,False,500,doc_id,5.532238543124126,5.517167634247941,5.547150866653594,0.5665298178905158,0.5646459542809926,0.5683938583316992
2026,frustration,unframed_baseline,baseline,baseline,5.555074414467833,1.2217288046189625,0.5693843018084791,0.1527161005773703,4.056253780017788,0.38203172250222356,5.6007417729024604,16865,2920,3275,3851,3276,31823,16865,16866,3849,0.5299940294755365,0.9994806543754868,False,500,doc_id,5.5550911790916215,5.535452961935579,5.574687351678555,0.5693863973864528,0.5669316202419473,0.5718359189598193
2014,loneliness,unframed_baseline,baseline,baseline,5.31065920188584,1.5661169491547147,0.53883240023573,0.19576461864433933,4.217150193635292,0.4021437742044115,5.323603721165179,11878,2459,2610,3209,2621,25707,11878,11879,3197,0.4620920371883145,0.9962605172951076,False,500,doc_id,5.309932079736668,5.272081885649238,5.343715475880239,0.5387415099670836,0.5340102357061548,0.5429644344850298
2015,loneliness,unframed_baseline,baseline,baseline,5.3035083085198345,1.6025504583534407,0.5379385385649793,0.20031880729418008,4.238299394870809,0.4047874243588512,5.330502833541447,10411,2154,2261,2759,2265,21794,10411,10414,2754,0.47783793704689365,0.9981877491844872,False,500,doc_id,5.303560369779537,5.268059226531625,5.339241160366649,0.5379450462224421,0.5335074033164531,0.5424051450458311
2016,loneliness,unframed_baseline,baseline,baseline,5.281790445006697,1.5734782572834354,0.5352238056258372,0.19668478216042942,4.197681946718261,0.39971024333978267,5.320656347670784,13438,2511,2875,3561,2884,28612,13438,13442,3548,0.46980287991052705,0.9963493400730132,False,500,doc_id,5.282693725488814,5.251094460564182,5.312509113728581,0.5353367156861017,0.5313868075705227,0.5390636392160725
2017,loneliness,unframed_baseline,baseline,baseline,5.302338696636481,1.5594507287562624,0.5377923370795601,0.1949313410945328,4.1855097833117725,0.39818872291397156,5.335260753557568,12368,2377,2686,3256,2691,25980,12368,12368,3247,0.476058506543495,0.9972358722358723,False,500,doc_id,5.302654365953165,5.2693379347725475,5.334877926669013,0.5378317957441457,0.5336672418465684,0.5418597408336266
2018,loneliness,unframed_baseline,baseline,baseline,5.332564552238806,1.5486138842917774,0.5415705690298507,0.19357673553647217,4.153707089552239,0.3942133861940299,5.362604850746268,13400,2447,2747,3430,2749,27465,13400,13402,3424,0.4879665028217732,0.9982507288629737,False,500,doc_id,5.3331547040240155,5.299352659951926,5.3648612078857525,0.5416443380030019,0.5374190824939907,0.5456076509857192
2019,loneliness,unframed_baseline,baseline,baseline,5.321588163761653,1.5574607833805765,0.5401985204702068,0.19468259792257206,4.144423186055938,0.3930528982569923,5.3681378192136195,12335,2280,2518,3142,2523,25202,12335,12337,3131,0.48952464090151576,0.9964990451941439,False,500,doc_id,5.321575228934708,5.289383698733724,5.351684293024396,0.5401969036168385,0.5361729623417154,0.5439605366280494
2020,loneliness,unframed_baseline,baseline,baseline,5.308816488601954,1.5341326201336827,0.5386020610752442,0.19176657751671033,4.134265268811061,0.39178315860138263,5.355129120722162,17503,2689,3441,4381,3445,35367,17503,17504,4372,0.49492464727005403,0.997945674503538,False,500,doc_id,5.3084479803528515,5.281066349746884,5.333715751038339,0.5385559975441064,0.5351332937183605,0.5417144688797924
2021,loneliness,unframed_baseline,baseline,baseline,5.285478857370095,1.5308294427348161,0.5356848571712619,0.19135368034185202,4.156327876458112,0.39454098455726405,5.341077346235419,15088,2494,3021,3852,3024,31279,15088,15092,3843,0.482496243486045,0.9976635514018691,False,500,doc_id,5.284248879546907,5.253896383009304,5.311387667920521,0.5355311099433634,0.531737047876163,0.5389234584900652
2022,loneliness,unframed_baseline,baseline,baseline,5.379714746582901,1.5143553525412867,0.5474643433228626,0.18929441906766084,4.112242125817132,0.3890302657271415,5.42831437303676,11779,2172,2369,2955,2372,23846,11779,11781,2952,0.49404512287176044,0.9989847715736041,False,500,doc_id,5.380373455441769,5.348255210860042,5.411548147136717,0.5475466819302212,0.5435319013575053,0.5514435183920896
2023,loneliness,unframed_baseline,baseline,baseline,5.347217708041468,1.5238475007190302,0.5434022135051835,0.19048093758987877,4.13424208461754,0.3917802605771925,5.384598860558513,10707,1947,1982,2588,1985,20934,10707,10708,2584,0.5115123722174453,0.9984544049459042,False,500,doc_id,5.347798703817063,5.315311418382886,5.3820566626766295,0.5434748379771329,0.5394139272978606,0.5477570828345787
2024,loneliness,unframed_baseline,baseline,baseline,5.4128279662848495,1.4881397661122162,0.5516034957856062,0.18601747076402703,4.116874864923276,0.3896093581154096,5.4325961746271885,9254,1825,1731,2207,1733,17977,9254,9256,2203,0.5148801246036603,0.9981875849569551,False,500,doc_id,5.412880366892713,5.380640667191056,5.445767378636289,0.5516100458615892,0.547580083398882,0.5557209223295361
2025,loneliness,unframed_baseline,baseline,baseline,5.4035347230638715,1.5199923578277506,0.5504418403829839,0.18999904472846882,4.19389346745849,0.3992366834323112,5.4249709126166525,8251,1656,1563,1993,1566,15700,8251,8251,1988,0.5255414012738854,0.997491219267436,False,500,doc_id,5.403308114122143,5.368327887751276,5.440846234454972,0.5504135142652679,0.5460409859689095,0.5551057793068715
2026,loneliness,unframed_baseline,baseline,baseline,5.486314970432617,1.4435075338872103,0.5607893713040772,0.1804384417359013,4.154727668845315,0.3943409586056645,5.47500466853408,3213,1029,573,719,573,5785,3213,3213,719,0.5554019014693172,1.0,False,500,doc_id,5.487386337281649,5.430487317974189,5.548920181982853,0.5609232921602061,0.5538109147467736,0.5686150227478566
2014,sadness,unframed_baseline,baseline,baseline,5.420438412408759,1.5800750283042841,0.5525548015510948,0.19750937853803552,4.255991788321167,0.40699897354014597,5.439033759124087,21920,3086,5203,6174,5212,48952,21920,21922,6161,0.4478264422291224,0.9978943958535795,False,500,doc_id,5.419965679456155,5.395209512854579,5.442076875879585,0.5524957099320194,0.5494011891068223,0.5552596094849481
2015,sadness,unframed_baseline,baseline,baseline,5.408443210930828,1.612986368783894,0.5510554013663534,0.20162329609798674,4.27209365214916,0.409011706518645,5.428299174494733,17565,2774,4129,4936,4145,39014,17565,17566,4908,0.4502486286973907,0.9943273905996759,False,500,doc_id,5.4073464912136116,5.379277532952918,5.434527143231025,0.5509183114017014,0.5474096916191148,0.5543158929038782
2016,sadness,unframed_baseline,baseline,baseline,5.413243629325837,1.606529538510715,0.5516554536657297,0.20081619231383938,4.268400995345837,0.40855012441822963,5.428108842910465,21701,3080,5047,6011,5057,47627,21701,21705,5997,0.4557288932748231,0.9976709366162037,False,500,doc_id,5.4128379145002805,5.386390186396181,5.437372015648186,0.5516047393125352,0.5482987732995226,0.5546715019560232
2017,sadness,unframed_baseline,baseline,baseline,5.377535541361904,1.6362878911706702,0.547191942670238,0.20453598639633377,4.299047852065519,0.41238098150818997,5.409330122591944,19414,2843,4635,5397,4647,42761,19414,19414,5373,0.4540118332125067,0.9955530850472485,False,500,doc_id,5.3773755426422944,5.3505291849352155,5.402239455538068,0.5471719428302868,0.5438161481169019,0.5502799319422585
2018,sadness,unframed_baseline,baseline,baseline,5.433819704433497,1.627600118404917,0.5542274630541871,0.20345001480061461,4.292332512315271,0.4115415640394089,5.460851477832512,20300,2907,4782,5569,4791,44473,20300,20301,5556,0.4564792121062218,0.9976656491291076,False,500,doc_id,5.43404575195347,5.408908082333487,5.460768226982934,0.5542557189941838,0.5511135102916859,0.5575960283728666
2019,sadness,unframed_baseline,baseline,baseline,5.355888621312462,1.6403104460927622,0.5444860776640578,0.20503880576159528,4.293582781456954,0.41169784768211926,5.404658338350392,16610,2688,3848,4490,3859,35548,16610,16610,4477,0.46725554180263307,0.9971046770601336,False,500,doc_id,5.355741433580111,5.327645184661668,5.3840727941369995,0.5444676791975137,0.5409556480827086,0.5480090992671249
2020,sadness,unframed_baseline,baseline,baseline,5.330387501339907,1.6478843791249054,0.5412984376674884,0.20598554739061317,4.279291456747776,0.409911432093472,5.390469771679708,18658,2731,4361,5091,4368,40407,18658,18660,5079,0.46180117306407303,0.9976428992339422,False,500,doc_id,5.329548619353045,5.300845443917833,5.357701564563416,0.5411935774191307,0.5376056804897291,0.544712695570427
2021,sadness,unframed_baseline,baseline,baseline,5.336991506338073,1.6445798149927326,0.5421239382922591,0.20557247687409158,4.2979460781159515,0.4122432597644939,5.398777749179589,15541,2425,3602,4219,3607,33305,15541,15543,4210,0.466686683681129,0.9978667930789287,False,500,doc_id,5.338032621901102,5.305139302927902,5.368527548160944,0.5422540777376378,0.5381424128659877,0.546065943520118
2022,sadness,unframed_baseline,baseline,baseline,5.333089720946662,1.613357655977897,0.5416362151183327,0.20166970699723713,4.248157188272695,0.4060196485340869,5.396281525962558,14155,2277,3224,3768,3229,30245,14155,14155,3762,0.4680112415275252,0.9984076433121019,False,500,doc_id,5.333799717656837,5.304459005712141,5.364136180004249,0.5417249647071046,0.5380573757140175,0.5455170225005311
2023,sadness,unframed_baseline,baseline,baseline,5.319412860223486,1.6465373990984862,0.5399266075279358,0.20581717488731077,4.284083513036659,0.41051043912958246,5.395329837286806,10202,1939,2287,2698,2288,21326,10202,10204,2694,0.47847697646065834,0.9985174203113417,False,500,doc_id,5.318577295625813,5.282331665220146,5.358148953516544,0.5398221619532266,0.5352914581525182,0.544768619189568
2024,sadness,unframed_baseline,baseline,baseline,5.313263311615367,1.6548686244279702,0.5391579139519209,0.20685857805349628,4.320611098629522,0.41507638732869023,5.395262300606605,8902,1743,1945,2341,1949,18322,8902,8902,2336,0.48586398864752756,0.9978641606151217,False,500,doc_id,5.313577880535696,5.2723106685613645,5.351459650198437,0.539197235066962,0.5340388335701706,0.5439324562748046
2025,sadness,unframed_baseline,baseline,baseline,5.31846777518208,1.6385611126911954,0.53980847189776,0.20482013908639943,4.295175209564381,0.4118969011955476,5.386122028308368,7277,1544,1578,1921,1581,14872,7277,7279,1917,0.4894432490586337,0.9979177511712649,False,500,doc_id,5.320034741387344,5.276292193225787,5.367261662703104,0.540004342673418,0.5345365241532234,0.545907707837888
2026,sadness,unframed_baseline,baseline,baseline,5.328352339756194,1.6396368882218313,0.5410440424695242,0.2049546110277289,4.295556429414078,0.41194455367675975,5.414160440424695,2543,838,550,657,550,5145,2543,2543,657,0.4942662779397473,1.0,False,500,doc_id,5.3289695874359735,5.2637275328391215,5.404155203301127,0.5411211984294967,0.5329659416048902,0.5505194004126409
