lsc_year,analysis_unit,frame_stratum,context_rows,documents,candidate_collocate_tokens,matched_warriner_units_coverage,matched_token_positions,contexts_with_warriner_match,matched_token_coverage,context_match_coverage,small_cell_flag
2014,ADHD,clinical_only,1286,808,9069,4869,4871,1259,0.5371044216561914,0.97900466562986,False
2014,ADHD,lived_only,310,243,2326,1129,1129,309,0.48538263112639723,0.9967741935483871,False
2014,ADHD,mixed,183,152,1324,673,673,183,0.5083081570996979,1.0,False
2014,ADHD,substantive_core_overall,1779,1093,12719,6671,6673,1751,0.5246481641638494,0.9842608206857786,False
2014,Autism,clinical_only,2850,1708,22685,11793,11802,2843,0.5202556755565352,0.9975438596491228,False
2014,Autism,lived_only,1303,937,10515,5141,5141,1299,0.4889205896338564,0.9969301611665388,False
2014,Autism,mixed,660,502,5330,2762,2765,659,0.5187617260787992,0.9984848484848485,False
2014,Autism,substantive_core_overall,4813,2858,38530,19696,19708,4801,0.511497534388788,0.9975067525451901,False
2014,frustration,unframed_baseline,11401,10238,94684,41647,41661,11376,0.4400004224578598,0.997807209893869,False
2014,loneliness,unframed_baseline,3209,2621,25707,11878,11879,3197,0.4620920371883145,0.9962605172951076,False
2014,sadness,unframed_baseline,6174,5212,48952,21920,21922,6161,0.4478264422291224,0.9978943958535795,False
2015,ADHD,clinical_only,1203,774,8360,4398,4400,1175,0.5263157894736842,0.9767248545303409,False
2015,ADHD,lived_only,216,169,1638,788,789,213,0.4816849816849817,0.9861111111111112,False
2015,ADHD,mixed,128,109,952,514,516,127,0.542016806722689,0.9921875,False
2015,ADHD,substantive_core_overall,1547,993,10950,5700,5705,1515,0.5210045662100456,0.9793148028442146,False
2015,Autism,clinical_only,2083,1322,16685,8716,8736,2074,0.5235840575367097,0.9956793086893903,False
2015,Autism,lived_only,1055,741,8482,4185,4185,1052,0.49339778354161756,0.9971563981042654,False
2015,Autism,mixed,539,413,4374,2237,2239,537,0.5118884316415181,0.9962894248608535,False
2015,Autism,substantive_core_overall,3677,2252,29541,15138,15160,3663,0.5131850648251582,0.9961925482730487,False
2015,frustration,unframed_baseline,8543,7595,70564,31595,31607,8518,0.44791961906921374,0.9970736275313122,False
2015,loneliness,unframed_baseline,2759,2265,21794,10411,10414,2754,0.47783793704689365,0.9981877491844872,False
2015,sadness,unframed_baseline,4936,4145,39014,17565,17566,4908,0.4502486286973907,0.9943273905996759,False
2016,ADHD,clinical_only,1149,790,8030,4283,4284,1136,0.5334993773349938,0.9886858137510879,False
2016,ADHD,lived_only,309,245,2378,1161,1161,309,0.48822539949537425,1.0,False
2016,ADHD,mixed,182,142,1404,697,697,181,0.4964387464387464,0.9945054945054945,False
2016,ADHD,substantive_core_overall,1640,1098,11812,6141,6142,1626,0.5199796816796478,0.9914634146341463,False
2016,Autism,clinical_only,2175,1392,17076,8941,8955,2171,0.5244202389318342,0.9981609195402299,False
2016,Autism,lived_only,1367,931,11130,5398,5398,1365,0.4849955076370171,0.9985369422092173,False
2016,Autism,mixed,678,501,5493,2763,2763,677,0.503003823047515,0.9985250737463127,False
2016,Autism,substantive_core_overall,4220,2553,33699,17102,17116,4213,0.5079082465355055,0.9983412322274882,False
2016,frustration,unframed_baseline,10068,9003,83328,37173,37183,10042,0.4462245583717358,0.9974175605880016,False
2016,loneliness,unframed_baseline,3561,2884,28612,13438,13442,3548,0.46980287991052705,0.9963493400730132,False
2016,sadness,unframed_baseline,6011,5057,47627,21701,21705,5997,0.4557288932748231,0.9976709366162037,False
2017,ADHD,clinical_only,1099,751,7593,4072,4077,1075,0.5369419201896484,0.978161965423112,False
2017,ADHD,lived_only,303,241,2324,1151,1152,301,0.49569707401032703,0.9933993399339934,False
2017,ADHD,mixed,187,153,1433,733,734,185,0.5122121423586881,0.9893048128342246,False
2017,ADHD,substantive_core_overall,1589,1070,11350,5956,5963,1561,0.5253744493392071,0.9823788546255506,False
2017,Autism,clinical_only,1984,1290,15661,8173,8179,1980,0.5222527297107464,0.9979838709677419,False
2017,Autism,lived_only,1368,959,10993,5408,5410,1359,0.4921313563176567,0.993421052631579,False
2017,Autism,mixed,627,457,5090,2481,2482,626,0.48762278978388995,0.9984051036682615,False
2017,Autism,substantive_core_overall,3979,2439,31744,16062,16071,3965,0.5062689012096774,0.9964815280221161,False
2017,frustration,unframed_baseline,9489,8588,78492,35232,35238,9467,0.44893747133465833,0.9976815259774475,False
2017,loneliness,unframed_baseline,3256,2691,25980,12368,12368,3247,0.476058506543495,0.9972358722358723,False
2017,sadness,unframed_baseline,5397,4647,42761,19414,19414,5373,0.4540118332125067,0.9955530850472485,False
2018,ADHD,clinical_only,1182,787,8408,4527,4532,1168,0.5390104662226451,0.988155668358714,False
2018,ADHD,lived_only,269,216,2031,974,974,264,0.4795667159034958,0.9814126394052045,False
2018,ADHD,mixed,182,152,1352,709,709,181,0.5244082840236687,0.9945054945054945,False
2018,ADHD,substantive_core_overall,1633,1067,11791,6210,6215,1613,0.5270969383428038,0.9877526025719534,False
2018,Autism,clinical_only,1959,1277,15426,8038,8057,1953,0.5223000129651238,0.996937212863706,False
2018,Autism,lived_only,1239,873,9947,4900,4900,1232,0.49261083743842365,0.9943502824858758,False
2018,Autism,mixed,620,477,4948,2520,2520,618,0.5092966855295069,0.9967741935483871,False
2018,Autism,substantive_core_overall,3818,2369,30321,15458,15477,3803,0.5104383100821213,0.9960712414876899,False
2018,frustration,unframed_baseline,9422,8440,78120,35303,35306,9395,0.45194572452636966,0.9971343663765655,False
2018,loneliness,unframed_baseline,3430,2749,27465,13400,13402,3424,0.4879665028217732,0.9982507288629737,False
2018,sadness,unframed_baseline,5569,4791,44473,20300,20301,5556,0.4564792121062218,0.9976656491291076,False
2019,ADHD,clinical_only,1000,674,7120,3851,3851,983,0.5408707865168539,0.983,False
2019,ADHD,lived_only,299,223,2242,1105,1106,299,0.4933095450490633,1.0,False
2019,ADHD,mixed,142,120,1052,511,511,142,0.48574144486692017,1.0,False
2019,ADHD,substantive_core_overall,1441,957,10414,5467,5468,1424,0.5250624159784905,0.9882026370575989,False
2019,Autism,clinical_only,1717,1097,13578,7126,7132,1712,0.5252614523493887,0.9970879440885265,False
2019,Autism,lived_only,1191,833,9671,4875,4877,1187,0.5042911798159446,0.9966414777497901,False
2019,Autism,mixed,546,403,4498,2297,2297,546,0.5106714095153402,1.0,False
2019,Autism,substantive_core_overall,3454,2104,27747,14298,14306,3445,0.5155872706959311,0.9973943254198031,False
2019,frustration,unframed_baseline,8615,7720,71472,32608,32614,8591,0.45631855831654355,0.9972141613464887,False
2019,loneliness,unframed_baseline,3142,2523,25202,12335,12337,3131,0.48952464090151576,0.9964990451941439,False
2019,sadness,unframed_baseline,4490,3859,35548,16610,16610,4477,0.46725554180263307,0.9971046770601336,False
2020,ADHD,clinical_only,959,668,6722,3569,3572,939,0.5313894674204106,0.9791449426485923,False
2020,ADHD,lived_only,312,240,2351,1190,1190,311,0.5061675882603147,0.9967948717948718,False
2020,ADHD,mixed,156,130,1184,604,604,154,0.5101351351351351,0.9871794871794872,False
2020,ADHD,substantive_core_overall,1427,972,10257,5363,5366,1404,0.523154918592181,0.9838822704975473,False
2020,Autism,clinical_only,1532,1031,11895,6201,6206,1528,0.5217318200924759,0.9973890339425587,False
2020,Autism,lived_only,1064,782,8599,4250,4252,1058,0.4944761018723107,0.9943609022556391,False
2020,Autism,mixed,525,388,4302,2155,2155,523,0.50092980009298,0.9961904761904762,False
2020,Autism,substantive_core_overall,3121,1973,24796,12606,12613,3109,0.508670753347314,0.9961550785004806,False
2020,frustration,unframed_baseline,8982,7943,74523,34436,34444,8970,0.4621928800504542,0.9986639946559787,False
2020,loneliness,unframed_baseline,4381,3445,35367,17503,17504,4372,0.49492464727005403,0.997945674503538,False
2020,sadness,unframed_baseline,5091,4368,40407,18658,18660,5079,0.46180117306407303,0.9976428992339422,False
2021,ADHD,clinical_only,928,636,6430,3456,3459,913,0.5379471228615863,0.9838362068965517,False
2021,ADHD,lived_only,299,232,2236,1099,1099,297,0.4915026833631485,0.9933110367892977,False
2021,ADHD,mixed,180,150,1367,679,679,177,0.4967081199707388,0.9833333333333333,False
2021,ADHD,substantive_core_overall,1407,941,10033,5234,5237,1387,0.5219774743346955,0.9857853589196873,False
2021,Autism,clinical_only,1413,924,11172,5893,5896,1403,0.5277479412817758,0.9929228591648974,False
2021,Autism,lived_only,994,709,8064,4026,4026,990,0.4992559523809524,0.9959758551307847,False
2021,Autism,mixed,551,407,4421,2250,2252,546,0.5093870165121014,0.9909255898366606,False
2021,Autism,substantive_core_overall,2958,1831,23657,12169,12174,2939,0.5146045567908019,0.993576741041244,False
2021,frustration,unframed_baseline,7962,7108,65925,30182,30187,7943,0.4578991277967387,0.9976136649083145,False
2021,loneliness,unframed_baseline,3852,3024,31279,15088,15092,3843,0.482496243486045,0.9976635514018691,False
2021,sadness,unframed_baseline,4219,3607,33305,15541,15543,4210,0.466686683681129,0.9978667930789287,False
2022,ADHD,clinical_only,930,634,6550,3579,3580,916,0.5465648854961832,0.9849462365591398,False
2022,ADHD,lived_only,356,254,2728,1283,1283,351,0.4703079178885631,0.9859550561797753,False
2022,ADHD,mixed,193,152,1525,747,747,192,0.4898360655737705,0.9948186528497409,False
2022,ADHD,substantive_core_overall,1479,941,10803,5609,5610,1459,0.5193001943904471,0.9864773495605138,False
2022,Autism,clinical_only,1175,772,9174,4881,4882,1173,0.5321560933071724,0.9982978723404256,False
2022,Autism,lived_only,911,643,7267,3521,3521,903,0.48451905875877255,0.991218441273326,False
2022,Autism,mixed,421,318,3415,1771,1771,421,0.5185944363103954,1.0,False
2022,Autism,substantive_core_overall,2507,1557,19856,10173,10174,2497,0.512389202256245,0.9960111687275628,False
2022,frustration,unframed_baseline,6963,6275,57949,26743,26746,6954,0.4615437712471311,0.998707453683757,False
2022,loneliness,unframed_baseline,2955,2372,23846,11779,11781,2952,0.49404512287176044,0.9989847715736041,False
2022,sadness,unframed_baseline,3768,3229,30245,14155,14155,3762,0.4680112415275252,0.9984076433121019,False
2023,ADHD,clinical_only,750,477,5142,2717,2718,722,0.5285880980163361,0.9626666666666667,False
2023,ADHD,lived_only,299,216,2310,1090,1090,298,0.47186147186147187,0.9966555183946488,False
2023,ADHD,mixed,159,122,1226,609,609,156,0.4967373572593801,0.9811320754716981,False
2023,ADHD,substantive_core_overall,1208,752,8678,4416,4417,1176,0.5089882461396635,0.9735099337748344,False
2023,Autism,clinical_only,1092,678,8519,4494,4497,1084,0.5278788590210118,0.9926739926739927,False
2023,Autism,lived_only,687,470,5552,2716,2717,682,0.48937319884726227,0.992721979621543,False
2023,Autism,mixed,372,283,2976,1507,1508,369,0.5067204301075269,0.9919354838709677,False
2023,Autism,substantive_core_overall,2151,1286,17047,8717,8722,2135,0.5116442775854989,0.9925615992561599,False
2023,frustration,unframed_baseline,6377,5618,53137,25182,25185,6363,0.4739635282383273,0.9978046103183315,False
2023,loneliness,unframed_baseline,2588,1985,20934,10707,10708,2584,0.5115123722174453,0.9984544049459042,False
2023,sadness,unframed_baseline,2698,2288,21326,10202,10204,2694,0.47847697646065834,0.9985174203113417,False
2024,ADHD,clinical_only,704,457,4861,2615,2616,685,0.5381608722485085,0.9730113636363636,False
2024,ADHD,lived_only,313,227,2384,1147,1147,312,0.4811241610738255,0.9968051118210862,False
2024,ADHD,mixed,154,122,1162,572,572,151,0.49225473321858865,0.9805194805194806,False
2024,ADHD,substantive_core_overall,1171,729,8407,4334,4335,1148,0.5156417271321517,0.9803586678052946,False
2024,Autism,clinical_only,900,592,6948,3644,3647,895,0.5248992515831894,0.9944444444444445,False
2024,Autism,lived_only,651,454,5269,2616,2616,649,0.4964888973239704,0.9969278033794163,False
2024,Autism,mixed,315,229,2574,1332,1332,314,0.5174825174825175,0.9968253968253968,False
2024,Autism,substantive_core_overall,1866,1140,14791,7592,7595,1858,0.5134879318504496,0.9957127545551983,False
2024,frustration,unframed_baseline,6881,5957,57193,28107,28110,6871,0.4914937142657318,0.9985467228600494,False
2024,loneliness,unframed_baseline,2207,1733,17977,9254,9256,2203,0.5148801246036603,0.9981875849569551,False
2024,sadness,unframed_baseline,2341,1949,18322,8902,8902,2336,0.48586398864752756,0.9978641606151217,False
2025,ADHD,clinical_only,578,380,4040,2204,2204,554,0.5455445544554456,0.9584775086505191,False
2025,ADHD,lived_only,216,148,1633,812,812,211,0.4972443355786895,0.9768518518518519,False
2025,ADHD,mixed,110,92,813,435,435,108,0.5350553505535055,0.9818181818181818,False
2025,ADHD,substantive_core_overall,904,572,6486,3451,3451,873,0.5320690718470552,0.9657079646017699,False
2025,Autism,clinical_only,1044,634,8244,4396,4398,1044,0.5334788937409025,1.0,False
2025,Autism,lived_only,746,566,5333,2850,2851,744,0.5345959122445153,0.9973190348525469,False
2025,Autism,mixed,357,273,2887,1511,1511,357,0.5233806719778317,1.0,False
2025,Autism,substantive_core_overall,2147,1326,16464,8757,8760,2145,0.532069970845481,0.9990684676292502,False
2025,frustration,unframed_baseline,6928,5902,57053,29057,29061,6895,0.5093684819378472,0.9952367205542725,False
2025,loneliness,unframed_baseline,1993,1566,15700,8251,8251,1988,0.5255414012738854,0.997491219267436,False
2025,sadness,unframed_baseline,1921,1581,14872,7277,7279,1917,0.4894432490586337,0.9979177511712649,False
2026,ADHD,clinical_only,271,170,1986,1093,1093,268,0.5503524672708963,0.988929889298893,False
2026,ADHD,lived_only,109,76,846,446,446,109,0.5271867612293144,1.0,False
2026,ADHD,mixed,44,38,335,177,177,44,0.5283582089552239,1.0,True
2026,ADHD,substantive_core_overall,424,259,3167,1716,1716,421,0.5418377012946005,0.9929245283018868,False
2026,Autism,clinical_only,382,242,3049,1592,1592,380,0.5221384060347655,0.9947643979057592,False
2026,Autism,lived_only,250,170,2019,992,992,248,0.4913323427439326,0.992,False
2026,Autism,mixed,120,84,948,483,483,120,0.509493670886076,1.0,False
2026,Autism,substantive_core_overall,752,453,6016,3067,3067,748,0.5098071808510638,0.9946808510638298,False
2026,frustration,unframed_baseline,3851,3276,31823,16865,16866,3849,0.5299940294755365,0.9994806543754868,False
2026,loneliness,unframed_baseline,719,573,5785,3213,3213,719,0.5554019014693172,1.0,False
2026,sadness,unframed_baseline,657,550,5145,2543,2543,657,0.4942662779397473,1.0,False
