analysis_unit,lsc_year,frame_stratum,term_role,target_group,raw_form,sampled_contexts,sampled_documents,raw_form_context_share
ADHD,2014,clinical_only,target,ADHD,adhd,843,639,0.690983606557377
ADHD,2014,clinical_only,target,ADHD,attention_deficit,377,329,0.30901639344262294
ADHD,2014,lived_only,target,ADHD,adhd,276,231,0.9324324324324325
ADHD,2014,lived_only,target,ADHD,attention_deficit,20,20,0.06756756756756757
ADHD,2014,mixed,target,ADHD,adhd,143,125,0.8265895953757225
ADHD,2014,mixed,target,ADHD,attention_deficit,30,29,0.17341040462427745
ADHD,2014,substantive_core_overall,target,ADHD,adhd,1262,915,0.7471876850207223
ADHD,2014,substantive_core_overall,target,ADHD,attention_deficit,427,373,0.2528123149792777
ADHD,2015,clinical_only,target,ADHD,adhd,776,588,0.6867256637168142
ADHD,2015,clinical_only,target,ADHD,attention_deficit,354,312,0.31327433628318585
ADHD,2015,lived_only,target,ADHD,adhd,190,160,0.9313725490196079
ADHD,2015,lived_only,target,ADHD,attention_deficit,14,13,0.06862745098039216
ADHD,2015,mixed,target,ADHD,adhd,103,95,0.865546218487395
ADHD,2015,mixed,target,ADHD,attention_deficit,16,16,0.13445378151260504
ADHD,2015,substantive_core_overall,target,ADHD,adhd,1069,797,0.735719201651755
ADHD,2015,substantive_core_overall,target,ADHD,attention_deficit,384,340,0.264280798348245
ADHD,2016,clinical_only,target,ADHD,adhd,769,615,0.7010027347310848
ADHD,2016,clinical_only,target,ADHD,attention_deficit,328,301,0.29899726526891524
ADHD,2016,lived_only,target,ADHD,adhd,284,240,0.9659863945578231
ADHD,2016,lived_only,target,ADHD,attention_deficit,10,10,0.034013605442176874
ADHD,2016,mixed,target,ADHD,adhd,153,132,0.9107142857142857
ADHD,2016,mixed,target,ADHD,attention_deficit,15,14,0.08928571428571429
ADHD,2016,substantive_core_overall,target,ADHD,adhd,1206,925,0.7735728030788968
ADHD,2016,substantive_core_overall,target,ADHD,attention_deficit,353,324,0.22642719692110327
ADHD,2017,clinical_only,target,ADHD,adhd,751,597,0.7166030534351145
ADHD,2017,clinical_only,target,ADHD,attention_deficit,297,270,0.2833969465648855
ADHD,2017,lived_only,target,ADHD,adhd,276,233,0.9484536082474226
ADHD,2017,lived_only,target,ADHD,attention_deficit,15,15,0.05154639175257732
ADHD,2017,mixed,target,ADHD,adhd,160,140,0.8888888888888888
ADHD,2017,mixed,target,ADHD,attention_deficit,20,20,0.1111111111111111
ADHD,2017,substantive_core_overall,target,ADHD,adhd,1187,905,0.781435154707044
ADHD,2017,substantive_core_overall,target,ADHD,attention_deficit,332,303,0.2185648452929559
ADHD,2018,clinical_only,target,ADHD,adhd,835,645,0.7402482269503546
ADHD,2018,clinical_only,target,ADHD,attention_deficit,293,256,0.25975177304964536
ADHD,2018,lived_only,target,ADHD,adhd,235,196,0.9003831417624522
ADHD,2018,lived_only,target,ADHD,attention_deficit,26,26,0.09961685823754789
ADHD,2018,mixed,target,ADHD,adhd,151,134,0.888235294117647
ADHD,2018,mixed,target,ADHD,attention_deficit,19,19,0.11176470588235295
ADHD,2018,substantive_core_overall,target,ADHD,adhd,1221,911,0.7831943553559975
ADHD,2018,substantive_core_overall,target,ADHD,attention_deficit,338,297,0.21680564464400257
ADHD,2019,clinical_only,target,ADHD,adhd,713,556,0.7505263157894737
ADHD,2019,clinical_only,target,ADHD,attention_deficit,237,214,0.24947368421052632
ADHD,2019,lived_only,target,ADHD,adhd,268,214,0.9640287769784173
ADHD,2019,lived_only,target,ADHD,attention_deficit,10,10,0.03597122302158273
ADHD,2019,mixed,target,ADHD,adhd,121,108,0.8962962962962963
ADHD,2019,mixed,target,ADHD,attention_deficit,14,14,0.1037037037037037
ADHD,2019,substantive_core_overall,target,ADHD,adhd,1102,831,0.8085106382978723
ADHD,2019,substantive_core_overall,target,ADHD,attention_deficit,261,235,0.19148936170212766
ADHD,2020,clinical_only,target,ADHD,adhd,679,553,0.7396514161220044
ADHD,2020,clinical_only,target,ADHD,attention_deficit,239,214,0.26034858387799564
ADHD,2020,lived_only,target,ADHD,adhd,284,231,0.9594594594594594
ADHD,2020,lived_only,target,ADHD,attention_deficit,12,11,0.04054054054054054
ADHD,2020,mixed,target,ADHD,adhd,127,116,0.8819444444444444
ADHD,2020,mixed,target,ADHD,attention_deficit,17,17,0.11805555555555555
ADHD,2020,substantive_core_overall,target,ADHD,adhd,1090,851,0.8026509572901326
ADHD,2020,substantive_core_overall,target,ADHD,attention_deficit,268,241,0.19734904270986744
ADHD,2021,clinical_only,target,ADHD,adhd,633,497,0.7112359550561798
ADHD,2021,clinical_only,target,ADHD,attention_deficit,257,231,0.28876404494382024
ADHD,2021,lived_only,target,ADHD,adhd,269,219,0.9307958477508651
ADHD,2021,lived_only,target,ADHD,attention_deficit,20,19,0.06920415224913495
ADHD,2021,mixed,target,ADHD,adhd,149,135,0.8922155688622755
ADHD,2021,mixed,target,ADHD,attention_deficit,18,18,0.10778443113772455
ADHD,2021,substantive_core_overall,target,ADHD,adhd,1051,789,0.7808320950965825
ADHD,2021,substantive_core_overall,target,ADHD,attention_deficit,295,267,0.21916790490341753
ADHD,2022,clinical_only,target,ADHD,adhd,658,523,0.7468785471055619
ADHD,2022,clinical_only,target,ADHD,attention_deficit,223,209,0.25312145289443816
ADHD,2022,lived_only,target,ADHD,adhd,314,246,0.9515151515151515
ADHD,2022,lived_only,target,ADHD,attention_deficit,16,16,0.048484848484848485
ADHD,2022,mixed,target,ADHD,adhd,160,135,0.8938547486033519
ADHD,2022,mixed,target,ADHD,attention_deficit,19,19,0.10614525139664804
ADHD,2022,substantive_core_overall,target,ADHD,adhd,1132,817,0.814388489208633
ADHD,2022,substantive_core_overall,target,ADHD,attention_deficit,258,243,0.1856115107913669
ADHD,2023,clinical_only,target,ADHD,adhd,504,376,0.7009735744089013
ADHD,2023,clinical_only,target,ADHD,attention_deficit,215,189,0.29902642559109877
ADHD,2023,lived_only,target,ADHD,adhd,258,202,0.9247311827956989
ADHD,2023,lived_only,target,ADHD,attention_deficit,21,20,0.07526881720430108
ADHD,2023,mixed,target,ADHD,adhd,132,114,0.8918918918918919
ADHD,2023,mixed,target,ADHD,attention_deficit,16,16,0.10810810810810811
ADHD,2023,substantive_core_overall,target,ADHD,adhd,893,640,0.7799126637554585
ADHD,2023,substantive_core_overall,target,ADHD,attention_deficit,252,225,0.2200873362445415
ADHD,2024,clinical_only,target,ADHD,adhd,482,368,0.7215568862275449
ADHD,2024,clinical_only,target,ADHD,attention_deficit,186,166,0.27844311377245506
ADHD,2024,lived_only,target,ADHD,adhd,275,221,0.9515570934256056
ADHD,2024,lived_only,target,ADHD,attention_deficit,14,14,0.04844290657439446
ADHD,2024,mixed,target,ADHD,adhd,133,112,0.910958904109589
ADHD,2024,mixed,target,ADHD,attention_deficit,13,13,0.08904109589041095
ADHD,2024,substantive_core_overall,target,ADHD,adhd,890,638,0.8068902991840435
ADHD,2024,substantive_core_overall,target,ADHD,attention_deficit,213,191,0.1931097008159565
ADHD,2025,clinical_only,target,ADHD,adhd,409,319,0.7490842490842491
ADHD,2025,clinical_only,target,ADHD,attention_deficit,137,121,0.2509157509157509
ADHD,2025,lived_only,target,ADHD,adhd,185,144,0.9585492227979274
ADHD,2025,lived_only,target,ADHD,attention_deficit,8,8,0.04145077720207254
ADHD,2025,mixed,target,ADHD,adhd,92,85,0.9019607843137255
ADHD,2025,mixed,target,ADHD,attention_deficit,10,10,0.09803921568627451
ADHD,2025,substantive_core_overall,target,ADHD,adhd,686,509,0.8156956004756243
ADHD,2025,substantive_core_overall,target,ADHD,attention_deficit,155,137,0.18430439952437574
ADHD,2026,clinical_only,target,ADHD,adhd,197,146,0.7606177606177607
ADHD,2026,clinical_only,target,ADHD,attention_deficit,62,52,0.23938223938223938
ADHD,2026,lived_only,target,ADHD,adhd,99,74,0.9611650485436893
ADHD,2026,lived_only,target,ADHD,attention_deficit,4,4,0.038834951456310676
ADHD,2026,mixed,target,ADHD,adhd,39,36,0.9285714285714286
ADHD,2026,mixed,target,ADHD,attention_deficit,3,3,0.07142857142857142
ADHD,2026,substantive_core_overall,target,ADHD,adhd,335,233,0.8292079207920792
ADHD,2026,substantive_core_overall,target,ADHD,attention_deficit,69,59,0.1707920792079208
Autism,2014,clinical_only,target,Autism,asd_disambiguated,47,41,0.018195896244676733
Autism,2014,clinical_only,target,Autism,autism,1859,1352,0.7197057684862563
Autism,2014,clinical_only,target,Autism,autism_spectrum,425,373,0.16453735965931088
Autism,2014,clinical_only,target,Autism,autistic,252,224,0.0975609756097561
Autism,2014,lived_only,target,Autism,asd_disambiguated,6,6,0.004909983633387889
Autism,2014,lived_only,target,Autism,autism,699,572,0.5720130932896891
Autism,2014,lived_only,target,Autism,autism_spectrum,121,110,0.09901800327332243
Autism,2014,lived_only,target,Autism,autistic,396,345,0.32405891980360063
Autism,2014,mixed,target,Autism,asd_disambiguated,5,5,0.008305647840531562
Autism,2014,mixed,target,Autism,autism,381,345,0.632890365448505
Autism,2014,mixed,target,Autism,autism_spectrum,114,108,0.1893687707641196
Autism,2014,mixed,target,Autism,autistic,102,97,0.16943521594684385
Autism,2014,substantive_core_overall,target,Autism,asd_disambiguated,58,51,0.013166855845629965
Autism,2014,substantive_core_overall,target,Autism,autism,2939,2123,0.6671963677639047
Autism,2014,substantive_core_overall,target,Autism,autism_spectrum,659,572,0.14960272417707152
Autism,2014,substantive_core_overall,target,Autism,autistic,749,633,0.17003405221339388
Autism,2015,clinical_only,target,Autism,asd_disambiguated,43,40,0.022430881585811163
Autism,2015,clinical_only,target,Autism,autism,1354,1035,0.7063119457485655
Autism,2015,clinical_only,target,Autism,autism_spectrum,316,274,0.16484089723526343
Autism,2015,clinical_only,target,Autism,autistic,204,187,0.10641627543035993
Autism,2015,lived_only,target,Autism,asd_disambiguated,6,6,0.006097560975609756
Autism,2015,lived_only,target,Autism,autism,590,482,0.5995934959349594
Autism,2015,lived_only,target,Autism,autism_spectrum,96,89,0.0975609756097561
Autism,2015,lived_only,target,Autism,autistic,292,253,0.2967479674796748
Autism,2015,mixed,target,Autism,asd_disambiguated,12,11,0.024390243902439025
Autism,2015,mixed,target,Autism,autism,309,279,0.6280487804878049
Autism,2015,mixed,target,Autism,autism_spectrum,73,68,0.1483739837398374
Autism,2015,mixed,target,Autism,autistic,98,94,0.1991869918699187
Autism,2015,substantive_core_overall,target,Autism,asd_disambiguated,61,57,0.017978190391983496
Autism,2015,substantive_core_overall,target,Autism,autism,2253,1654,0.6640141467727675
Autism,2015,substantive_core_overall,target,Autism,autism_spectrum,485,417,0.14294134983790155
Autism,2015,substantive_core_overall,target,Autism,autistic,594,518,0.17506631299734748
Autism,2016,clinical_only,target,Autism,asd_disambiguated,47,37,0.023175542406311637
Autism,2016,clinical_only,target,Autism,autism,1411,1070,0.6957593688362919
Autism,2016,clinical_only,target,Autism,autism_spectrum,377,330,0.1858974358974359
Autism,2016,clinical_only,target,Autism,autistic,193,178,0.09516765285996055
Autism,2016,lived_only,target,Autism,asd_disambiguated,8,8,0.006211180124223602
Autism,2016,lived_only,target,Autism,autism,775,627,0.6017080745341615
Autism,2016,lived_only,target,Autism,autism_spectrum,119,111,0.09239130434782608
Autism,2016,lived_only,target,Autism,autistic,386,330,0.2996894409937888
Autism,2016,mixed,target,Autism,asd_disambiguated,16,13,0.025518341307814992
Autism,2016,mixed,target,Autism,autism,392,344,0.6251993620414673
Autism,2016,mixed,target,Autism,autism_spectrum,98,94,0.15629984051036683
Autism,2016,mixed,target,Autism,autistic,121,114,0.19298245614035087
Autism,2016,substantive_core_overall,target,Autism,asd_disambiguated,71,56,0.018006593963986812
Autism,2016,substantive_core_overall,target,Autism,autism,2578,1882,0.6538168906923663
Autism,2016,substantive_core_overall,target,Autism,autism_spectrum,594,516,0.15064671569870658
Autism,2016,substantive_core_overall,target,Autism,autistic,700,600,0.1775297996449404
Autism,2017,clinical_only,target,Autism,asd_disambiguated,38,37,0.02040816326530612
Autism,2017,clinical_only,target,Autism,autism,1331,1009,0.7148227712137487
Autism,2017,clinical_only,target,Autism,autism_spectrum,332,296,0.17830290010741137
Autism,2017,clinical_only,target,Autism,autistic,161,143,0.08646616541353383
Autism,2017,lived_only,target,Autism,asd_disambiguated,6,6,0.004647560030983733
Autism,2017,lived_only,target,Autism,autism,758,606,0.587141750580945
Autism,2017,lived_only,target,Autism,autism_spectrum,154,132,0.1192873741285825
Autism,2017,lived_only,target,Autism,autistic,373,330,0.2889233152594888
Autism,2017,mixed,target,Autism,asd_disambiguated,5,5,0.008488964346349746
Autism,2017,mixed,target,Autism,autism,367,318,0.6230899830220713
Autism,2017,mixed,target,Autism,autism_spectrum,97,87,0.16468590831918506
Autism,2017,mixed,target,Autism,autistic,120,106,0.2037351443123939
Autism,2017,substantive_core_overall,target,Autism,asd_disambiguated,49,48,0.01309810211173483
Autism,2017,substantive_core_overall,target,Autism,autism,2455,1770,0.6562416466185512
Autism,2017,substantive_core_overall,target,Autism,autism_spectrum,583,498,0.1558406843090083
Autism,2017,substantive_core_overall,target,Autism,autistic,654,551,0.1748195669607057
Autism,2018,clinical_only,target,Autism,asd_disambiguated,49,45,0.026587086272381984
Autism,2018,clinical_only,target,Autism,autism,1262,985,0.684753119913185
Autism,2018,clinical_only,target,Autism,autism_spectrum,342,306,0.18556701030927836
Autism,2018,clinical_only,target,Autism,autistic,190,181,0.10309278350515463
Autism,2018,lived_only,target,Autism,asd_disambiguated,8,8,0.006872852233676976
Autism,2018,lived_only,target,Autism,autism,676,559,0.5807560137457045
Autism,2018,lived_only,target,Autism,autism_spectrum,136,124,0.11683848797250859
Autism,2018,lived_only,target,Autism,autistic,344,302,0.29553264604810997
Autism,2018,mixed,target,Autism,asd_disambiguated,12,12,0.02097902097902098
Autism,2018,mixed,target,Autism,autism,369,333,0.6451048951048951
Autism,2018,mixed,target,Autism,autism_spectrum,81,77,0.14160839160839161
Autism,2018,mixed,target,Autism,autistic,110,101,0.19230769230769232
Autism,2018,substantive_core_overall,target,Autism,asd_disambiguated,69,65,0.019279128248113998
Autism,2018,substantive_core_overall,target,Autism,autism,2307,1718,0.644593461860855
Autism,2018,substantive_core_overall,target,Autism,autism_spectrum,559,488,0.15618887957530037
Autism,2018,substantive_core_overall,target,Autism,autistic,644,561,0.17993853031573065
Autism,2019,clinical_only,target,Autism,asd_disambiguated,51,45,0.03165735567970205
Autism,2019,clinical_only,target,Autism,autism,1098,843,0.6815642458100558
Autism,2019,clinical_only,target,Autism,autism_spectrum,324,281,0.2011173184357542
Autism,2019,clinical_only,target,Autism,autistic,138,126,0.0856610800744879
Autism,2019,lived_only,target,Autism,asd_disambiguated,8,8,0.007233273056057866
Autism,2019,lived_only,target,Autism,autism,658,552,0.5949367088607594
Autism,2019,lived_only,target,Autism,autism_spectrum,151,143,0.13652802893309224
Autism,2019,lived_only,target,Autism,autistic,289,246,0.2613019891500904
Autism,2019,mixed,target,Autism,asd_disambiguated,8,8,0.015810276679841896
Autism,2019,mixed,target,Autism,autism,350,302,0.691699604743083
Autism,2019,mixed,target,Autism,autism_spectrum,70,65,0.1383399209486166
Autism,2019,mixed,target,Autism,autistic,78,70,0.1541501976284585
Autism,2019,substantive_core_overall,target,Autism,asd_disambiguated,67,60,0.020788085634502018
Autism,2019,substantive_core_overall,target,Autism,autism,2106,1572,0.6534284827800186
Autism,2019,substantive_core_overall,target,Autism,autism_spectrum,545,474,0.16909711448960596
Autism,2019,substantive_core_overall,target,Autism,autistic,505,419,0.1566863170958734
Autism,2020,clinical_only,target,Autism,asd_disambiguated,44,37,0.03038674033149171
Autism,2020,clinical_only,target,Autism,autism,920,728,0.6353591160220995
Autism,2020,clinical_only,target,Autism,autism_spectrum,332,290,0.2292817679558011
Autism,2020,clinical_only,target,Autism,autistic,152,138,0.10497237569060773
Autism,2020,lived_only,target,Autism,asd_disambiguated,5,5,0.004955401387512388
Autism,2020,lived_only,target,Autism,autism,560,482,0.5550049554013875
Autism,2020,lived_only,target,Autism,autism_spectrum,123,108,0.12190287413280476
Autism,2020,lived_only,target,Autism,autistic,321,274,0.31813676907829536
Autism,2020,mixed,target,Autism,asd_disambiguated,7,7,0.01440329218106996
Autism,2020,mixed,target,Autism,autism,291,250,0.5987654320987654
Autism,2020,mixed,target,Autism,autism_spectrum,74,73,0.1522633744855967
Autism,2020,mixed,target,Autism,autistic,114,106,0.2345679012345679
Autism,2020,substantive_core_overall,target,Autism,asd_disambiguated,56,47,0.019041142468548114
Autism,2020,substantive_core_overall,target,Autism,autism,1769,1350,0.6014960897653859
Autism,2020,substantive_core_overall,target,Autism,autism_spectrum,529,454,0.17987079224753486
Autism,2020,substantive_core_overall,target,Autism,autistic,587,484,0.1995919755185311
Autism,2021,clinical_only,target,Autism,asd_disambiguated,38,34,0.02857142857142857
Autism,2021,clinical_only,target,Autism,autism,822,646,0.6180451127819548
Autism,2021,clinical_only,target,Autism,autism_spectrum,324,280,0.24360902255639097
Autism,2021,clinical_only,target,Autism,autistic,146,124,0.10977443609022557
Autism,2021,lived_only,target,Autism,asd_disambiguated,5,5,0.005324813631522897
Autism,2021,lived_only,target,Autism,autism,525,441,0.5591054313099042
Autism,2021,lived_only,target,Autism,autism_spectrum,108,104,0.11501597444089456
Autism,2021,lived_only,target,Autism,autistic,301,253,0.32055378061767836
Autism,2021,mixed,target,Autism,asd_disambiguated,9,9,0.017892644135188866
Autism,2021,mixed,target,Autism,autism,314,271,0.6242544731610338
Autism,2021,mixed,target,Autism,autism_spectrum,66,65,0.1312127236580517
Autism,2021,mixed,target,Autism,autistic,114,96,0.22664015904572565
Autism,2021,substantive_core_overall,target,Autism,asd_disambiguated,52,47,0.018765788523998555
Autism,2021,substantive_core_overall,target,Autism,autism,1660,1259,0.5990617105738001
Autism,2021,substantive_core_overall,target,Autism,autism_spectrum,498,434,0.17971851317214002
Autism,2021,substantive_core_overall,target,Autism,autistic,561,446,0.20245398773006135
Autism,2022,clinical_only,target,Autism,asd_disambiguated,36,34,0.03275705186533212
Autism,2022,clinical_only,target,Autism,autism,691,554,0.6287534121929026
Autism,2022,clinical_only,target,Autism,autism_spectrum,256,230,0.2329390354868062
Autism,2022,clinical_only,target,Autism,autistic,116,102,0.10555050045495905
Autism,2022,lived_only,target,Autism,asd_disambiguated,4,4,0.004694835680751174
Autism,2022,lived_only,target,Autism,autism,466,402,0.5469483568075117
Autism,2022,lived_only,target,Autism,autism_spectrum,86,80,0.10093896713615023
Autism,2022,lived_only,target,Autism,autistic,296,246,0.3474178403755869
Autism,2022,mixed,target,Autism,asd_disambiguated,6,6,0.015384615384615385
Autism,2022,mixed,target,Autism,autism,237,203,0.6076923076923076
Autism,2022,mixed,target,Autism,autism_spectrum,60,56,0.15384615384615385
Autism,2022,mixed,target,Autism,autistic,87,76,0.2230769230769231
Autism,2022,substantive_core_overall,target,Autism,asd_disambiguated,46,43,0.019649722340879965
Autism,2022,substantive_core_overall,target,Autism,autism,1394,1063,0.5954720205040581
Autism,2022,substantive_core_overall,target,Autism,autism_spectrum,402,355,0.17172148654421188
Autism,2022,substantive_core_overall,target,Autism,autistic,499,394,0.21315677061085006
Autism,2023,clinical_only,target,Autism,asd_disambiguated,36,32,0.035538005923000986
Autism,2023,clinical_only,target,Autism,autism,636,482,0.6278381046396841
Autism,2023,clinical_only,target,Autism,autism_spectrum,251,211,0.24777887462981243
Autism,2023,clinical_only,target,Autism,autistic,90,82,0.08884501480750247
Autism,2023,lived_only,target,Autism,asd_disambiguated,4,4,0.006269592476489028
Autism,2023,lived_only,target,Autism,autism,339,290,0.5313479623824452
Autism,2023,lived_only,target,Autism,autism_spectrum,57,51,0.08934169278996865
Autism,2023,lived_only,target,Autism,autistic,238,195,0.3730407523510972
Autism,2023,mixed,target,Autism,asd_disambiguated,8,8,0.023391812865497075
Autism,2023,mixed,target,Autism,autism,210,190,0.6140350877192983
Autism,2023,mixed,target,Autism,autism_spectrum,52,51,0.15204678362573099
Autism,2023,mixed,target,Autism,autistic,72,64,0.21052631578947367
Autism,2023,substantive_core_overall,target,Autism,asd_disambiguated,48,42,0.02408429503261415
Autism,2023,substantive_core_overall,target,Autism,autism,1185,892,0.5945810336176618
Autism,2023,substantive_core_overall,target,Autism,autism_spectrum,360,304,0.1806322127446061
Autism,2023,substantive_core_overall,target,Autism,autistic,400,320,0.2007024586051179
Autism,2024,clinical_only,target,Autism,asd_disambiguated,30,26,0.035169988276670575
Autism,2024,clinical_only,target,Autism,autism,507,396,0.5943728018757327
Autism,2024,clinical_only,target,Autism,autism_spectrum,246,217,0.28839390386869873
Autism,2024,clinical_only,target,Autism,autistic,70,62,0.08206330597889801
Autism,2024,lived_only,target,Autism,asd_disambiguated,1,1,0.001644736842105263
Autism,2024,lived_only,target,Autism,autism,322,268,0.5296052631578947
Autism,2024,lived_only,target,Autism,autism_spectrum,80,71,0.13157894736842105
Autism,2024,lived_only,target,Autism,autistic,205,172,0.3371710526315789
Autism,2024,mixed,target,Autism,asd_disambiguated,4,4,0.013377926421404682
Autism,2024,mixed,target,Autism,autism,177,150,0.5919732441471572
Autism,2024,mixed,target,Autism,autism_spectrum,43,38,0.14381270903010032
Autism,2024,mixed,target,Autism,autistic,75,63,0.2508361204013378
Autism,2024,substantive_core_overall,target,Autism,asd_disambiguated,35,31,0.019886363636363636
Autism,2024,substantive_core_overall,target,Autism,autism,1006,763,0.571590909090909
Autism,2024,substantive_core_overall,target,Autism,autism_spectrum,369,313,0.2096590909090909
Autism,2024,substantive_core_overall,target,Autism,autistic,350,271,0.19886363636363635
Autism,2025,clinical_only,target,Autism,asd_disambiguated,31,27,0.03125
Autism,2025,clinical_only,target,Autism,autism,652,489,0.657258064516129
Autism,2025,clinical_only,target,Autism,autism_spectrum,244,207,0.24596774193548387
Autism,2025,clinical_only,target,Autism,autistic,65,59,0.0655241935483871
Autism,2025,lived_only,target,Autism,asd_disambiguated,3,3,0.00425531914893617
Autism,2025,lived_only,target,Autism,autism,467,421,0.6624113475177305
Autism,2025,lived_only,target,Autism,autism_spectrum,61,54,0.08652482269503546
Autism,2025,lived_only,target,Autism,autistic,174,148,0.24680851063829787
Autism,2025,mixed,target,Autism,asd_disambiguated,8,7,0.02416918429003021
Autism,2025,mixed,target,Autism,autism,214,197,0.6465256797583081
Autism,2025,mixed,target,Autism,autism_spectrum,43,40,0.1299093655589124
Autism,2025,mixed,target,Autism,autistic,66,55,0.19939577039274925
Autism,2025,substantive_core_overall,target,Autism,asd_disambiguated,42,37,0.020710059171597635
Autism,2025,substantive_core_overall,target,Autism,autism,1333,1023,0.6572978303747534
Autism,2025,substantive_core_overall,target,Autism,autism_spectrum,348,289,0.17159763313609466
Autism,2025,substantive_core_overall,target,Autism,autistic,305,237,0.15039447731755423
Autism,2026,clinical_only,target,Autism,asd_disambiguated,13,13,0.03651685393258427
Autism,2026,clinical_only,target,Autism,autism,237,177,0.6657303370786517
Autism,2026,clinical_only,target,Autism,autism_spectrum,78,66,0.21910112359550563
Autism,2026,clinical_only,target,Autism,autistic,28,23,0.07865168539325842
Autism,2026,lived_only,target,Autism,autism,126,105,0.5526315789473685
Autism,2026,lived_only,target,Autism,autism_spectrum,20,20,0.08771929824561403
Autism,2026,lived_only,target,Autism,autistic,82,67,0.35964912280701755
Autism,2026,mixed,target,Autism,asd_disambiguated,4,4,0.03773584905660377
Autism,2026,mixed,target,Autism,autism,64,57,0.6037735849056604
Autism,2026,mixed,target,Autism,autism_spectrum,15,15,0.14150943396226415
Autism,2026,mixed,target,Autism,autistic,23,18,0.2169811320754717
Autism,2026,substantive_core_overall,target,Autism,asd_disambiguated,17,17,0.02463768115942029
Autism,2026,substantive_core_overall,target,Autism,autism,427,312,0.618840579710145
Autism,2026,substantive_core_overall,target,Autism,autism_spectrum,113,98,0.16376811594202897
Autism,2026,substantive_core_overall,target,Autism,autistic,133,103,0.1927536231884058
frustration,2014,unframed_baseline,baseline,baseline,frustration,1000,998,1.0
frustration,2015,unframed_baseline,baseline,baseline,frustration,1000,1000,1.0
frustration,2016,unframed_baseline,baseline,baseline,frustration,1000,998,1.0
frustration,2017,unframed_baseline,baseline,baseline,frustration,1000,1000,1.0
frustration,2018,unframed_baseline,baseline,baseline,frustration,1000,1000,1.0
frustration,2019,unframed_baseline,baseline,baseline,frustration,1000,999,1.0
frustration,2020,unframed_baseline,baseline,baseline,frustration,1000,998,1.0
frustration,2021,unframed_baseline,baseline,baseline,frustration,1000,999,1.0
frustration,2022,unframed_baseline,baseline,baseline,frustration,1000,1000,1.0
frustration,2023,unframed_baseline,baseline,baseline,frustration,1000,1000,1.0
frustration,2024,unframed_baseline,baseline,baseline,frustration,1000,999,1.0
frustration,2025,unframed_baseline,baseline,baseline,frustration,1000,998,1.0
frustration,2026,unframed_baseline,baseline,baseline,frustration,1000,991,1.0
loneliness,2014,unframed_baseline,baseline,baseline,loneliness,1000,973,1.0
loneliness,2015,unframed_baseline,baseline,baseline,loneliness,1000,975,1.0
loneliness,2016,unframed_baseline,baseline,baseline,loneliness,1000,978,1.0
loneliness,2017,unframed_baseline,baseline,baseline,loneliness,1000,993,1.0
loneliness,2018,unframed_baseline,baseline,baseline,loneliness,1000,994,1.0
loneliness,2019,unframed_baseline,baseline,baseline,loneliness,1000,995,1.0
loneliness,2020,unframed_baseline,baseline,baseline,loneliness,1000,997,1.0
loneliness,2021,unframed_baseline,baseline,baseline,loneliness,1000,980,1.0
loneliness,2022,unframed_baseline,baseline,baseline,loneliness,1000,992,1.0
loneliness,2023,unframed_baseline,baseline,baseline,loneliness,1000,971,1.0
loneliness,2024,unframed_baseline,baseline,baseline,loneliness,1000,987,1.0
loneliness,2025,unframed_baseline,baseline,baseline,loneliness,1000,899,1.0
loneliness,2026,unframed_baseline,baseline,baseline,loneliness,700,573,1.0
sadness,2014,unframed_baseline,baseline,baseline,sadness,1000,993,1.0
sadness,2015,unframed_baseline,baseline,baseline,sadness,1000,994,1.0
sadness,2016,unframed_baseline,baseline,baseline,sadness,1000,994,1.0
sadness,2017,unframed_baseline,baseline,baseline,sadness,1000,994,1.0
sadness,2018,unframed_baseline,baseline,baseline,sadness,1000,999,1.0
sadness,2019,unframed_baseline,baseline,baseline,sadness,1000,1000,1.0
sadness,2020,unframed_baseline,baseline,baseline,sadness,1000,997,1.0
sadness,2021,unframed_baseline,baseline,baseline,sadness,1000,996,1.0
sadness,2022,unframed_baseline,baseline,baseline,sadness,1000,996,1.0
sadness,2023,unframed_baseline,baseline,baseline,sadness,1000,990,1.0
sadness,2024,unframed_baseline,baseline,baseline,sadness,1000,992,1.0
sadness,2025,unframed_baseline,baseline,baseline,sadness,1000,917,1.0
sadness,2026,unframed_baseline,baseline,baseline,sadness,649,550,1.0
